boi,decada,n_toadas,n_palavras,nucleo_raw_hits,densidade_raw_por_1000w,nucleo_adj_hits,densidade_adj_por_1000w
Caprichoso,1980,17,1430,4,2.797,3,2.098
Caprichoso,1990,162,18342,181,9.868,163,8.887
Caprichoso,2000,193,24869,340,13.672,318,12.787
Caprichoso,2010,225,34738,438,12.609,397,11.428
Caprichoso,2020,127,24427,307,12.568,306,12.527
Garantido,1980,10,603,0,0.0,0,0.0
Garantido,1990,149,16592,143,8.619,118,7.112
Garantido,2000,213,26483,197,7.439,183,6.91
Garantido,2010,174,25366,379,14.941,364,14.35
Garantido,2020,159,26018,268,10.301,244,9.378
