termo,freq_caprichoso,freq_garantido,norm_capr_per1000w,norm_gara_per1000w,G2,p_value,q_value_bh,mais_associado
kariwa,8,48,0.0698,0.4619,35.766,2.224652047e-09,1.023339942e-07,Garantido
iara,16,42,0.1396,0.4042,14.775,0.0001211619842,0.001619194213,Garantido
boitatá,11,0,0.096,0.0,14.197,0.0001646194736,0.001619194213,Caprichoso
tupinambá,82,36,0.7154,0.3464,14.195,0.0001647805942,0.001619194213,Caprichoso
pajelança,52,18,0.4537,0.1732,14.071,0.000175999371,0.001619194213,Caprichoso
mapinguari,11,31,0.096,0.2983,11.986,0.0005359781816,0.004109166059,Garantido
yanomami,53,22,0.4624,0.2117,10.349,0.001295786652,0.008515169429,Caprichoso
poranga,12,1,0.1047,0.0096,9.924,0.001631713988,0.009382355431,Caprichoso
cunha_poranga,89,47,0.7765,0.4523,9.398,0.002172400315,0.01110337939,Caprichoso
cobra_grande,69,35,0.602,0.3368,8.241,0.004095285791,0.01883831464,Caprichoso
maracá,74,39,0.6456,0.3753,7.863,0.005044370266,0.02109463929,Caprichoso
satere_mawe,18,35,0.157,0.3368,7.347,0.006716648706,0.02574715337,Garantido
javari,14,3,0.1221,0.0289,6.685,0.009720877738,0.034396952,Caprichoso
cunhã,103,63,0.8986,0.6063,6.214,0.01267351813,0.04164155958,Caprichoso
matinta_perera,0,4,0.0,0.0385,5.947,0.01474022401,0.04266238732,Garantido
parintintin,75,43,0.6543,0.4138,5.935,0.01483909124,0.04266238732,Caprichoso
pajé,304,225,2.6522,2.1653,5.378,0.02039764703,0.0524165025,Caprichoso
muiraquitã,5,14,0.0436,0.1347,5.368,0.02051080533,0.0524165025,Garantido
paranã,4,0,0.0349,0.0,5.162,0.0230798573,0.05587754926,Caprichoso
curumim,41,21,0.3577,0.2021,4.757,0.02918006875,0.06711415812,Caprichoso
tuxaua,74,45,0.6456,0.4331,4.583,0.03229488103,0.07074116798,Caprichoso
jurupari,10,20,0.0872,0.1925,4.452,0.03486715332,0.07290404784,Garantido
tupinambarana,20,9,0.1745,0.0866,3.27,0.07056498926,0.1411299785,Caprichoso
mura,27,14,0.2356,0.1347,3.018,0.08235142276,0.157840227,Caprichoso
matinta,5,11,0.0436,0.1059,2.933,0.08677542233,0.1596667771,Garantido
sateré,13,21,0.1134,0.2021,2.767,0.09622266207,0.1702400944,Garantido
anhangá,10,17,0.0872,0.1636,2.588,0.1077022218,0.1768269247,Garantido
boiaçu,2,0,0.0174,0.0,2.581,0.1081378971,0.1768269247,Caprichoso
vitoria_regia,5,1,0.0436,0.0096,2.533,0.1114778439,0.1768269247,Caprichoso
tupã,71,49,0.6194,0.4715,2.188,0.1390978575,0.2132833816,Caprichoso
boiúna,26,15,0.2268,0.1444,2.008,0.1565118824,0.2322434383,Caprichoso
boto_encantado,0,1,0.0,0.0096,1.487,0.2227138484,0.320151157,Garantido
taba,23,14,0.2007,0.1347,1.418,0.2337882163,0.3258866045,Caprichoso
igapó,11,6,0.096,0.0577,1.043,0.307113945,0.4155071021,Caprichoso
andirá,23,26,0.2007,0.2502,0.596,0.4400951088,0.5784107145,Garantido
sacaca,12,14,0.1047,0.1347,0.413,0.5205731076,0.656407316,Garantido
igarapé,15,17,0.1309,0.1636,0.398,0.5279797976,0.656407316,Garantido
caipora,3,4,0.0262,0.0385,0.258,0.6113025768,0.7210235522,Garantido
cobra_norato,3,4,0.0262,0.0385,0.258,0.6113025768,0.7210235522,Garantido
arumã,4,5,0.0349,0.0481,0.231,0.6307190948,0.7253269591,Garantido
mawé,17,14,0.1483,0.1347,0.071,0.7898158361,0.8861348406,Caprichoso
tucupi,7,7,0.0611,0.0674,0.034,0.8544158656,0.9357888052,Garantido
tipiti,5,5,0.0436,0.0481,0.024,0.8767634094,0.9379329496,Garantido
curupira,25,22,0.2181,0.2117,0.01,0.9189366965,0.9423582186,Caprichoso
pirarucu,2,2,0.0174,0.0192,0.01,0.9218721703,0.9423582186,Garantido
beiradão,10,9,0.0872,0.0866,0.0,0.987381419,0.987381419,Caprichoso
