termo,n_toadas_caprichoso,n_toadas_garantido,pct_toadas_caprichoso,pct_toadas_garantido,G2,p_value,q_value_bh,mais_associado
pajelança,23,9,2.9,1.166,6.087,0.01361597665,0.4504526453,Caprichoso
boitatá,4,0,0.504,0.0,5.449,0.01958489762,0.4504526453,Caprichoso
satere_mawe,7,17,0.883,2.202,4.638,0.03126519271,0.4553477056,Garantido
kariwa,5,13,0.631,1.684,3.945,0.04701519258,0.4553477056,Garantido
curumim,32,18,4.035,2.332,3.723,0.05365358585,0.4553477056,Caprichoso
tupinambá,44,28,5.549,3.627,3.32,0.06842682453,0.4553477056,Caprichoso
matinta_perera,0,2,0.0,0.259,2.829,0.09256128674,0.4553477056,Garantido
matinta,5,1,0.631,0.13,2.815,0.09340942298,0.4553477056,Caprichoso
boiaçu,2,0,0.252,0.0,2.722,0.09898863165,0.4553477056,Caprichoso
paranã,2,0,0.252,0.0,2.722,0.09898863165,0.4553477056,Caprichoso
andirá,10,17,1.261,2.202,2.064,0.1508439069,0.6220735467,Garantido
poranga,4,1,0.504,0.13,1.853,0.1733946322,0.6220735467,Caprichoso
taba,21,13,2.648,1.684,1.729,0.1885760608,0.6220735467,Caprichoso
tupinambarana,13,7,1.639,0.907,1.692,0.1933563009,0.6220735467,Caprichoso
boto_encantado,0,1,0.0,0.13,1.414,0.2343984855,0.6220735467,Garantido
curupira,15,9,1.892,1.166,1.38,0.2400597545,0.6220735467,Caprichoso
tupã,46,35,5.801,4.534,1.284,0.2571489675,0.6220735467,Caprichoso
sacaca,8,4,1.009,0.518,1.263,0.2609915414,0.6220735467,Caprichoso
mapinguari,3,6,0.378,0.777,1.108,0.2925625852,0.6220735467,Garantido
cunha_poranga,24,17,3.026,2.202,1.048,0.3060119964,0.6220735467,Caprichoso
sateré,7,11,0.883,1.425,1.019,0.3128558238,0.6220735467,Garantido
vitoria_regia,3,1,0.378,0.13,0.996,0.3182884897,0.6220735467,Caprichoso
muiraquitã,4,7,0.504,0.907,0.918,0.3381289681,0.6220735467,Garantido
igapó,10,6,1.261,0.777,0.915,0.3386687267,0.6220735467,Caprichoso
iara,16,11,2.018,1.425,0.816,0.3663677091,0.6220735467,Caprichoso
parintintin,37,29,4.666,3.756,0.803,0.3701886306,0.6220735467,Caprichoso
mura,11,7,1.387,0.907,0.801,0.3706832844,0.6220735467,Caprichoso
cobra_grande,30,23,3.783,2.979,0.775,0.3786534632,0.6220735467,Caprichoso
arumã,3,5,0.378,0.648,0.563,0.4529281421,0.7184377426,Garantido
yanomami,16,12,2.018,1.554,0.48,0.4885930797,0.7491760555,Caprichoso
tuxaua,18,14,2.27,1.813,0.408,0.5229681414,0.776017242,Caprichoso
boiúna,15,12,1.892,1.554,0.263,0.6081395361,0.8742005831,Caprichoso
mawé,9,7,1.135,0.907,0.202,0.6531779457,0.9104904698,Caprichoso
caipora,3,4,0.378,0.518,0.172,0.6781511838,0.9142278567,Garantido
tipiti,4,5,0.504,0.648,0.141,0.7076776956,0.9142278567,Garantido
tucupi,6,7,0.757,0.907,0.107,0.7435076081,0.9142278567,Garantido
pajé,83,77,10.467,9.974,0.103,0.7477863723,0.9142278567,Caprichoso
anhangá,7,8,0.883,1.036,0.097,0.7552317077,0.9142278567,Garantido
igarapé,12,13,1.513,1.684,0.073,0.7877174136,0.9177820957,Garantido
cunhã,36,37,4.54,4.793,0.056,0.8124261651,0.9177820957,Garantido
beiradão,7,6,0.883,0.777,0.053,0.8180231723,0.9177820957,Caprichoso
jurupari,10,10,1.261,1.295,0.004,0.9518375298,0.9899404827,Garantido
javari,3,3,0.378,0.389,0.001,0.973727834,0.9899404827,Garantido
pirarucu,2,2,0.252,0.259,0.001,0.978561319,0.9899404827,Garantido
cobra_norato,1,1,0.126,0.13,0.0,0.9848493534,0.9899404827,Garantido
maracá,34,33,4.288,4.275,0.0,0.9899404827,0.9899404827,Caprichoso
