termo,n_toadas_caprichoso,n_toadas_garantido,pct_toadas_caprichoso,pct_toadas_garantido,G2,p_value,mais_associado
pajelança,23,9,2.9,1.166,5.967,0.01458,Caprichoso
boitatá,4,0,0.504,0.0,5.439,0.0197,Caprichoso
satere_mawe,7,17,0.883,2.202,4.569,0.03255,Garantido
kariwa,5,13,0.631,1.684,3.901,0.04826,Garantido
curumim,32,18,4.035,2.332,3.606,0.05757,Caprichoso
tupinambá,44,28,5.549,3.627,3.169,0.07505,Caprichoso
matinta_perera,0,2,0.0,0.259,2.827,0.09271,Garantido
matinta,5,1,0.631,0.13,2.805,0.09399,Caprichoso
boiaçu,2,0,0.252,0.0,2.719,0.09914,Caprichoso
paranã,2,0,0.252,0.0,2.719,0.09914,Caprichoso
andirá,10,17,1.261,2.202,2.028,0.15438,Garantido
poranga,4,1,0.504,0.13,1.848,0.17404,Caprichoso
taba,21,13,2.648,1.684,1.692,0.1934,Caprichoso
tupinambarana,13,7,1.639,0.907,1.671,0.19618,Caprichoso
boto_encantado,0,1,0.0,0.13,1.413,0.23451,Garantido
curupira,15,9,1.892,1.166,1.359,0.24366,Caprichoso
sacaca,8,4,1.009,0.518,1.254,0.26279,Caprichoso
tupã,46,35,5.801,4.534,1.218,0.26979,Caprichoso
mapinguari,3,6,0.378,0.777,1.102,0.29393,Garantido
cunha_poranga,24,17,3.026,2.202,1.021,0.3124,Caprichoso
sateré,7,11,0.883,1.425,1.007,0.31563,Garantido
vitoria_regia,3,1,0.378,0.13,0.994,0.31888,Caprichoso
muiraquitã,4,7,0.504,0.907,0.911,0.33981,Garantido
igapó,10,6,1.261,0.777,0.906,0.34112,Caprichoso
iara,16,11,2.018,1.425,0.802,0.37051,Caprichoso
mura,11,7,1.387,0.907,0.792,0.37342,Caprichoso
parintintin,37,29,4.666,3.756,0.769,0.38045,Caprichoso
cobra_grande,30,23,3.783,2.979,0.749,0.38682,Caprichoso
arumã,3,5,0.378,0.648,0.56,0.45407,Garantido
yanomami,16,12,2.018,1.554,0.471,0.49249,Caprichoso
tuxaua,18,14,2.27,1.813,0.4,0.52723,Caprichoso
boiúna,15,12,1.892,1.554,0.258,0.61124,Caprichoso
mawé,9,7,1.135,0.907,0.2,0.65483,Caprichoso
caipora,3,4,0.378,0.518,0.171,0.67883,Garantido
tipiti,4,5,0.504,0.648,0.14,0.70848,Garantido
tucupi,6,7,0.757,0.907,0.106,0.74454,Garantido
anhangá,7,8,0.883,1.036,0.096,0.75637,Garantido
pajé,83,77,10.467,9.974,0.093,0.76061,Caprichoso
igarapé,12,13,1.513,1.684,0.071,0.78938,Garantido
cunhã,36,37,4.54,4.793,0.054,0.81677,Garantido
beiradão,7,6,0.883,0.777,0.053,0.81877,Caprichoso
jurupari,10,10,1.261,1.295,0.004,0.95215,Garantido
javari,3,3,0.378,0.389,0.001,0.97378,Garantido
pirarucu,2,2,0.252,0.259,0.001,0.97859,Garantido
cobra_norato,1,1,0.126,0.13,0.0,0.98486,Garantido
maracá,34,33,4.288,4.275,0.0,0.99016,Caprichoso
