termo,boi,toada,contexto,classificacao (preencher),comentario (opcional)
pajé,Caprichoso,Mothokari,Mothokari rugiu e o sabedor ouviu / As palmas para o ritual! /  / Ora xamã cantai / Ora xamã dançai / Vem meu pajé trazer / O azul de volta para a aldeia /  / Os tambores vão tocar na aldeia / Pra fazer levantar poeira / Oê-,,
pajé,Caprichoso,Profética,"O canto e a reza do pajé / O canto e a dança do pajé / Animalítico reverencia / Exorciza o mal e ilumina /  / Pele de carapaça, jacaré",,
pajé,Caprichoso,Povo do Céu,"a) / Invoca tua magia / (É maracá que rodopia) / Invoca tua magia /  / É maracá que gira e vibra, ah-ah / Dança pajé, entoa o canto pra festa começar / Dança pajé, entoa o canto pra festa! /  / Ritual Xikrin / Ritual Xikrin / ",,
pajé,Caprichoso,Ferrão de Fogo,"antos, danças, choro e pajelança / Nas mãos o ferrão, a dor, ponta de lança / Dos tuxauas o conselho do pajé a coragem / O jovem lagarta de fogo / Enfrenta o destino, a passagem /  / Paraponera, (heya-hey) Paraponera",,
pajé,Caprichoso,Povo Festeiro da Ilha,"m marujeiro no tambor /  / Vou tomando uma, vou tomando duas / Sou o que quiser, danço de cunhã, danço de pajé / Sou artista, levantador, sou até presidente, tudo nesse boi",,
pajé,Caprichoso,O Cativo,"ub Abá /  / Honre a teus ancestrais / No brilho das fogueiras / Tua vingança erguerá / Suas fortalezas / Canta, pajé, dança / É chegada a hora /  / Das montanhas ouve os gritos / De alaridos do cativo / Ibirapema, teu triunfo / ",,
pajé,Caprichoso,O-Mukaiá," beber, (heya-heya-hey), fumaça, paricá (heya-heya-hey) / Rapé ilumina o caminho dos sonhos / E eleva o pajé pra orar (eleva o pajé pra orar) / Espírito de fogo, (fogo!), água, (água!), terra e ar / A lança de ar",,
pajé,Caprichoso,Cãoera,"devoto / Evoca o nascente pra expulsar /  / Cãoera, cãoera arde / Cãoera, cãoera foge / Cãoera, cãoera queima / Pajé feiticeiro da taba ordena",,
pajé,Caprichoso,Fibras de Arumã,"a fogueira / No meio do terreiro / O jovem guerreiro vem anunciar / Uiaperiá / No compasso da dança / O velho pajé com seu arangá / Uiaperiá /  / No remo sagrado, porantin / Escritas perdidas no tempo / Estilingue dispara ao",,
pajé,Caprichoso,Tukaia dos Espíritos,"Oforahai, Maraká / Pajé canta e dança com os espíritos / Moreroava quem traz as criaturas / Do céu vão descer / Faz a terra treme",,
pajé,Caprichoso,Morceganjo,"rceganjos , morceganjos / Voam , voam / Homem morcego feroz / Ataca a aldeia maraguá / Na dança da guerra / O pajé vai lutar /  / Paini , moangá , pajé moangá / Paini , moangá , wasiry / Wasiry , filho de monã / Dança e venc",,
pajé,Caprichoso,Nirvana Xamânico,"No nirvana do pajé, transmutado feito bicho / Se transforma em animal /  / De escamas, de penas, da pele, de couro / Alucinam ",,
pajé,Caprichoso,Ritual Pro Sol,Na caverna do fundo do rio / o sobrenatural vagueia / guardião da escuridão / o senhor da lua cheia /  / Pajé ! pajé ! pajé ! /  / Mergulhou na caverna subterrânea / montado em karuãna para combater o mal / enfrentou ,,
pajé,Caprichoso,Templo de Monan,Paini Pajé / Heia Heia Heia! /  / Senhores das sombras / Senhores das trevas / Seguidores da luz / Faz morada nas feras / Em,,
pajé,Caprichoso,Alagação," pé / A canícula de agosto findada / A vingança de Beüd anunciada / Contra essa gente decaída o alerta do pajé / Sem cantos ou danças, sem cura / Os povos varridos pro seu mergulho final /  / Apocalíptico, (efêmero) / Ap",,
pajé,Caprichoso,Caçadores de Tarântulas,"s mulheres pelos seus maridos / Chora o curumim / Chora o curumim na popa do ubá / Chora o curumim /  / Dança pajé, corpo de anaconda / Dança pajé, se arrastando pelo chão / Dança pájé, senhor da caça e das plantações / ",,
pajé,Caprichoso,Consagração do Guerreiro,"conclama, o povo me quer /  / De joelhos, ferido com a marca da Lua / Eu resisto /  / Pra receber das mãos do pajé, o troféu Paikcé / És condecorado o novo guerreiro / O Marupiara /  / Sou Paikcé, o povo conclama, o povo m",,
pajé,Caprichoso,Luz da Comunhão,a comunhão / Rufem os tambores da celebração / Acendam a fogueira da comunhão / O sentinela da escuridão / (Pajé!) / O andarilho da premonição / (Pajé!) / O protegido dos Deuses / Ungido por Truda vai falar / O sentinela d,,
pajé,Caprichoso,Mística Xinguana,"bal , tribal , oh , oh , oh , oh , oh / Povos irmãos da floresta / A vida xinguana precisa viver / Eu sou pajé , sou arte , sou cultura milenar / Pajé , tribal , oh , oh , oh , oh , oh / Pajé , tribal , oh , oh , o",,
pajé,Caprichoso,Filhos da Mundurukania,"ndo de pé / Todas as tribos avançam / Na trilha das matas / Seguem o caminho das águas / Na magia do grande pajé /  / Dança ao som dos tambores , caboclo de fé ! / Baila , morena faceira , nativa mulher ! / Brinca meu bo",,
pajé,Caprichoso,Maï Marakã,", o Senhor do Aray / Olha nos olhos da fera e enfrenta a garganta voraz /  / Eu sou Kãñipaye-ro, o Grande Pajé, não temo a morte / O sangue que corre em minhas veias é Araweté / Ousas me desafiar, sou o Deus Caniba",,
pajé,Caprichoso,Pentagrama de Tandaká, o cortejo das aparições de medo e desespero / Daqueles que não voltam mais / Giram de mãos dadas com o pajé / A criatura encantada monstruosa é despertada / Sai da água! /  / Tandaká angawê rebojo calafrio / Patxakáu ,,
pajé,Caprichoso,Ritual Yanomami,"uplicam pro céu / Pro céu não desabar sobre a face da terra / Quando a noite eterna silenciar, o último pajé / O último pajé Aiuateri / O último pajé Cuatatere / O último pajé",,
pajé,Caprichoso,Tribálica,"das almas / dos bravos , tuxauas e chefes / dos penachos errantes , das pinturas no rosto / cantai velhos pajés /  / canta o grande guerreiro , dança o feitiçeiro / os filhos da terra , os filhos da selva / os filhos da",,
pajé,Caprichoso,Xamanismo Kaxinauá,"kaya se torna xamã no êxtase alucinante / nos caminhos sagrados as vozes te guiam / os yuxins te levam /  / pajé , expulsa os espíritos que atormentam os índios / possuídos ! possuídos !",,
pajé,Caprichoso,Aldeia Dos Espíritos,"funeral, no ritual das almas /  / Aroeako / A passagem dos espíritos / Aroeako / As vozes dos mortos / Aroeako, pajé! /  / A dança dos espíritos Aroê! / O mundo dos espíritos Aroê! / Hei-a, hei-a, He! / Viagem dos espíritos Ar",,
pajé,Caprichoso,Aldeia Mística,"piá, ayahuasca / Das águas, boiaçu / Dos ventos, matinta perê / Da selva, caipora, onça preta / O canto dos pajés",,
pajé,Caprichoso,Êxtase Yawanawá,ya-heya-hey) / (Ha-ha-ha-hê-ah-hey) /  / Vai começar o ritual Yawanawá / Mariri pro Rumeya subir / Mariri pro pajé transcender / E ver aquilo que ninguém consegue ver / A floresta se mexendo / A verde mata se rompendo / Cr,,
pajé,Caprichoso,"Misticismo, a Revolução","jurar, meditar, espantar todo o mal / Sabedoria cabocla me guia em mistérios do além /  / Com a força dos pajés / Afugento assombração / Matinta pode assobiar / Que a morada eu já benzi / Boto não vai se engerar / Caruana",,
pajé,Caprichoso,Nominação,"ontras / Pequeno maroaga, teu arco será respeitado pelo inimigo / Meu filho kanassinha, serás um grande pajé / Tu, Atikum Mirim, és a filha do sol e guardiã da floresta / Ajuricaba querido, tu guiarás  o destino ",,
pajé,Caprichoso,Rito Saterê,de morte / Saracutingas amarelas-tucandira   (2x) /  / A tribo se separou / O remo mágico anunciou / O grande pajé /  / Iacoamã Icumaató / Com a força do Porantim / Inicia o curumim / A tribo a noite inteira / Festejam todos o,,
pajé,Caprichoso,Auto do Boi," boi, é o boi, é o boi Caprichoso /  / E o povo azul da fazenda / Segundo conta a lenda / Queria vivo o boi / Pajé da tribo chamado / Feitiço forte aplicado / Trouxe de volta o meu boi / De pelo negro e brilhoso / É o boi,",,
pajé,Caprichoso,Auto do Boi Brasileiro,"que se assucedeu? / A tristeza tomou conta de mim / Meu boi no chão / Minha sinhá sofrendo aqui /  / Chamem o pajé, o curandeiro da floresta / Faça a pajelança pra trazer de volta o meu boi /  / E bate forte esse tambor / ",,
pajé,Caprichoso,Cobroké,a criação / Acende a fogueira faz festa ao redor / Exalta dançando o teu Criador /  / É hora da consagração / Pajés reunidos pro seu ritual / Convoca teu povo / Toda tua gente conselho tribal / Entoa pajé o teu canto sagr,,
pajé,Caprichoso,Cordel Caboclo,"derradeiras, da mística aldeia / Táwapayêra! Táwapayêra! / Táwapayêra! Táwapayêra! / Em nome da profecia, pajé paini curandeiro / Em nome da profecia, pajé paini curandeiro / Evoca tupã em oração / O canto, reza e da",,
pajé,Caprichoso,Fumaça de Ervas, sagrado / Que deixou pros filhos / Seres encantados que guardam este povo sangrado /  / Eu sou mandigueiro / Pajé de terreiro / Eu sou curandeiro /  / Eu sopro a fumaça de ervas / A força da planta altera / O plano do espír,,
pajé,Caprichoso,Maraká'yp,"ahêa-ahêa, ahêa-hê) / (Ahêa-ahêa-ahêa-ahêa, ahêa-hê) / (Ahêa-hê, ahêa-hê) / (Hê-ara-hê, ahêa-hê) /  / É ele / O pajé da cura / O pajé da dança / O pajé da reza / Da pajelança / O pajé da luta (hei) / O pajé dos direitos da ter",,
pajé,Caprichoso,Paikisés Mundurukus,"Pajé munduruku , hei , hei , hei , hei / Pajé munduruku , hei , hei , hei , hei / Flechas incandescentes / Cor",,
pajé,Caprichoso,Presciente Feiticeiro,A floresta se prepara / Para o grande ritual / As tribos todas reunidas / Numa grande adoração /  / Pajé vai evocar / A nossa estrela vem brilhar /  / Presciente Feiticeiro / Traz no espírito profético / Da florest,,
pajé,Caprichoso,Ritualística Apurinã," de fogo devora a floresta sagrada /  / Toda tribo se transforma em tótens de pedra / No transe de Awire, Pajé vai buscar os entes da selva / Pajé Apurinã /  / Na viagem tridimensional / No ventre de Gaya, no reino da ",,
pajé,Caprichoso,Tributo A Galdino Pataxó,"(Oh, oh, oh) / (Oh, oh, oh) / (Oh, oh, oh, oh, oh) /  / Choram todos os pajés / O seu clamor sobe até Tupã / Choram todos os Xamãs / O seu clamor sobe até Tupã /  / Choram todos os pajés / ",,
pajé,Caprichoso,"Yuu Tsega, a Festa da Moça Nova",a moça se torna cunhã / afugenta o mal e a tribo ticuna / na aldeia celebra o grande ritual /  / Ticuna arê pajé ticuna / Ticuna arê pajé ticuna,,
pajé,Caprichoso,A Cura e a Fé,"curar / São palavras santas, tuas mãos vão me curar /  / E o povo da mata, os segredos da terra / Ê xamã, ê pajé / Com o paricá e a pajelança / Afastando as forças do mal / Todos os males encerra /  / Cura a minha gente, f",,
pajé,Caprichoso,A Friagem,"ri, Tupari / Tupari, Tupari, Tupari, ê-ê-ê / Tupari, Tupari, Tupari, Tupari / Tupari /  / Duvidar, duvidar do pajé (ô-ô-ô) / Duvidar, duvidar do pajé e não ver (ô-ô-ô) / (E não ver) /  / (Tu vai morrer! Vai morrer! Tu vai ",,
pajé,Caprichoso,Brilho Azul,aprichoso / Que a festa começou / Brilha o azul do Caprichoso / Que o meu boi já chegou /  / Brilha o olho do pajé / Brilha tudo o que vier / Brilha o céu azul no infinito / Para o meu boi mais bonito /  / Brilha o azul medi,,
pajé,Caprichoso,Fera Karamanaé,"s / É a fúria maldita do deus do trovão /  / Mapinguari, Mapinguari / Mapinguari, Mapinguari... /  / Conclama o pajé feiticeiro / Pra luta de morte e de dor / E os arcos e flechas, tacapes  / Ecoam no vento ao som do tambo",,
pajé,Caprichoso,Mística Marubo,"io me chamar / Ayahuasca alucinante eleva meu olhar / Na minha visão, transmutação / No mundo das águas o pajé vai revelar /  / Rastejar com os espíritos / Rumo ao desconhecido / O criador e as criaturas / Na encruzilhad",,
pajé,Caprichoso,O Tambor da Terra,"-há, hey há-há, hey, há-há, ôh) oi! / Hey há-há, hey há-há, hey, há-há, ôh /  / Tuxauas, trocanos, torés, pajés! / (Pajés! Pajés!) Pajés! /  / (Hey-há, hey-há, hey-há, hey-há, hey) /  / Toquem os tambores / Toquem os tambor",,
pajé,Caprichoso,Pajelança,"A bebida, o fumo, o pó do rapé, dança pajé! /  / Feiticeiro, curandeiro, Mandingueiro, cabojeiro, Transcendental / Trás a magia, alquimia, bruxaria,",,
pajé,Caprichoso,Tocaia Kagwahiva,"vos ipají do povo parintintin /  / Dança kagwahiva, incorporação / Nação tupi-guarani, nação tupi-guarani / Pajé venera teus ancestrais / Dança kagwahiva, incorporação / Nação tupi-guarani, nação tupi-guarani / Pajé ve",,
pajé,Caprichoso,Uruapeara,"roteção de Ipayé /  / No ar, as nuvens soltas / e os raios que riscam a escuridão / Ouvem o grito do grande pajé / (Uruá, Uruá, Uruápiara) / (Uruá, Uruá, Uruápiara) /  / Uruá, Uruá, Uruápiara / Tauá, Pixuna, Tauá / Uruá, Uru",,
pajé,Caprichoso,A Chamada,"iada da francesa, a vaqueirada, a raça azul / E a marujada de guerra! / As nossas tribos, o amo e nosso pajé / Nosso boi caprichoso, galera nota 10 /  / Vamos fazer o bumbodromo tremer / Arquibancada azul e branca ba",,
pajé,Caprichoso,Aldeia Subterrânea,"i do subterrâneo / Destruindo a aldeia / Seus olhos como o sol, disparam labaredas / No ventre da terra o Pajé adentrará /  / Aldeia Xamânica Heu auê / Subterrânea Heu auê (bis) /  / Do abismo dos ancestrais emergirá / O a",,
pajé,Caprichoso,Aymá Sunhé,"teção de tupã / e uma linda guerreira surge do céu / com uma lança de luz / e a leva nas mãos do poderoso pajé /  / reza pajé , canta pajé , dança / e vem lutar pelo seu povo / dança pajé , canta e ora pajé / afasta o ma",,
pajé,Caprichoso,Êxtase Xamânico,O pajé Ashaninka tomou / A bebida divina sacramental / E um êxtase o transformou / Em criatura sobrenatural /  / Aya,,
pajé,Caprichoso,Máscara de Aura,"Os espíritos vagueiam / Vem rasgando a escuridão / Enviado por Tupã / Inebriante Paricá incorporação /  / Ora Pajé dança Pajé / Pajé Painy Painy, Pajé / Painy Painy Pajé / Pajé Pajé Painy / Canta Ererê voa Ererê, Ererê Ere",,
pajé,Caprichoso,Misterioso Kuraca,ançar /  / Anunciando o novo povo / O novo milênio já começou / Entre feras alucinado / Com poder ilimitado o pajé começa a dançar / Com poder ilimitado o kuraca começa a orar /  / Da terra vai nascer um novo povo / Da ter,,
pajé,Caprichoso,Monhangaripi," / Vão despertar na casa do paricá / Monhangaripis, monhangaripis /  / Rodeados de espíritos dança o grande pajé / O mascarado pajé / Veste o fogo em transe / Fala com as sombras / Dá vida aos oráculos xamânicos /  / Monhang",,
pajé,Caprichoso,O Senhor Dos Mil Nomes,"o e de palha / Das viagens alucinadas / Das folhas, raízes, das matas / Das criaturas que voam e rastejam / Pajé",,
pajé,Caprichoso,Ritual Hi-Merimã,"lo terrestre / Pássaro do além, voa, voa e vem / Traz o misterioso Guarikay para incorporar /  / Oh! Grande Pajé, invoca Mamaé / Vai à escuridão, liberta sua nação / És o poderoso sobrenatural / Divindade que vence a b",,
pajé,Caprichoso,Ritual Mayoruna,"enhor dos mil nomes / Adentrarás, enfrentarás e lutarás / Com caçadores predadores da noite /  / Legiões de Pajés em uma só oração / No ritual sagrado Mayoruna / Vão ao mundo cósmico do além (do além) / No êxtase da inc",,
pajé,Caprichoso,Trigésima Dança,"ta o mal / Expulsa quebranto, exorcisa os medonhos / Descendente de índio, o artista, a encarnação /  / É o pajé da nossa estrela / É o pajé dessa nação / É o pajé dos festivais / Fala em fogo de trovão / É o pajé da nos",,
pajé,Caprichoso,Viagem Xamânica,"entinela! / Elemental, ó feiticeiro sobrenatural / Dança, luta, pulveriza, Sentinela! / No nirvana, paini pajé universal /  / No troar do maracá, no bater forte no chão / Tua dança eleva a Tupana / Da fumaça vai surgir",,
pajé,Caprichoso,Angaratã,"Dança, misterioso Xamã / Faz a magia do fogo / Nos cantos que Tupã deixou / Canta, ó poderoso pajé / Traz a igara-boiúna / De volta com a nossa nação /  / Misteriosa canção / Raios e trovões / Caem mil planetas",,
pajé,Caprichoso,Baniwa - Guardiões do Mundo,"urais / Espectros, canibais /  / Cantos cerimoniais / Ressoam no walimanai / Do reino do grande lampericuli / O pajé vai surgir / O mestre do reino jaguar / Sobre o gavião kamathawa / E somente as almas / Do panteão do povo ",,
pajé,Caprichoso,Cara Pintada,"nças de guerra / Auê, auê, auê /  / Dança, dança, dança índio / Selvagem na dança de guerra / Lá vem o grande pajé / Vem dando o seu grito de guerra /  / Lá vem o grande pajé / Vem dando o seu grito de guerra /  / Cara pintada",,
pajé,Caprichoso,Espírito Manaó,Trazendo o espírito de Ajuricaba / Corpo cristalino com barbatanas / Sua presa afiada flutua nas águas /  / Pajé... montado num ser começa a orar /  / Ora Pajé canta Pajé / Ó poderoso Pajé ê ê / Canta e dança clama Paini,,
pajé,Caprichoso,Hekurawetaris: Curadores da Terra,"s / Curadores da terra /  / Sábios, visionários, proféticos / Xamãs bruxeleiros / Chefes dos grandes rituais /  / Pajés curandeiros / Das tribos dos guerreiros / Hekurawetaris, aqueles que dominam os espíritos /  / Nos rituais,",,
pajé,Caprichoso,Kuarup (O Tronco Sagrado),ue viram gente / Dos troncos que viram gente /  / Ao som do jacuí percorrendo os terreiros dos casarões / O pajé anuncia a chegada da grande profecia /  / Dos troncos que viram gente / Dos troncos que viram gente /  / No c,,
pajé,Caprichoso,Nirvana Xamânico (Versão 2),"Heiá, heiá, pajé, pajé / Heiá, heiá, pajé, pajé / No nirvana do pajé, transmutado feito bicho / Se transforma em animal /  / D",,
pajé,Caprichoso,Pajé de Guerra,"Iauaraeté o pajé invocou / Voz do mato mandou, voz do mato mandou / Iauára só, sorrateira chegou / No pajé ingerou, no paj",,
pajé,Caprichoso,Profeta da Sabedoria,Quem lerá o livro sagrado / Escrito na tábua com as mãos de Tupã? / Pajé lerá! /  / Quem lerá / A história da vida / Que ensina a vitória do bem sobre o mal? / Pajé lerá! /  / Foste esco,,
pajé,Caprichoso,Rito Ju'riju'rihuve'e,"Pajé! /  / Flutua nas águas, ribanceiras, penhascos / Buscando a fera hostil / Embrulhada em chamas negras / Criat",,
pajé,Caprichoso,Tempo de Ungir,"iverso bradou / Silêncio na mata se ouviu / Risca na terra um facho de luz / Estrelas explodem no ar /  / É o pajé, carajá / É o pajé, sateré / É o pajé / Que tupã resolveu consagrar / É o pajé, uaimiri / É o pajé, caiapó / É ",,
pajé,Caprichoso,Viagem Ao Mundo Dos Espíritos,"Eu vi no mangue escuro / Os que deitam nas sombras da mata (da mata) / Revelei aos pajés / A força dos torés, das tabas (hei!) /  / Boia-çica, boia-çica, boia-çica sem cabeça / Boia-çica, boia-çic",,
pajé,Caprichoso,Anjo Feiticeiro,"Pajé, é um anjo feiticeiro / Que destrói a escuridão / Pajé, a história verdadeira / Curandeiro da nação / Pajé,",,
pajé,Caprichoso,Awa Guajá – A Oferenda," é agora, o futuro não demora / A ganância é a corda que nos enforca / Ecoa o canto Karawaras / Vem com o Pajé Awa curar a terra (heya, heya) / E expulsa os Karaia /  / Tua floresta, minha floresta / Tua floresta, minh",,
pajé,Caprichoso,Deusa do Dragão,"uató, tauató gavião / Tauató, tauató, tauató gavião / Vem mostrar o perigo / Atacar o inimigo / No canto do pajé",,
pajé,Caprichoso,Mística Marubo,"io me chamar / Ayahuasca alucinante eleva meu olhar / Na minha visão, transmutação / No mundo das águas o pajé vai revelar /  / Rastejar com os espíritos / Rumo ao desconhecido / O criador e as criaturas / Na encruzilhad",,
pajé,Caprichoso,O Senhor da Guerra,"Hei, hei, ô, ô, ô / Hei, hei, ô, ô, ô /  / O grande pajé aruaque na ocara chegou / Chamando todos os índios na aldeia pra aclamação / Do mais valente de toda a ",,
pajé,Caprichoso,O Senhor do Fogo Sagrado,"s mortos / Com seus guardiões / A fera Xingú /  / Ó ó ó ó ó ó ó /  / Profecia e provações / Contra a fera imortal / Pajé, senhor dos elementais / Terra, fogo, água e o ar / A vitória libertará o fogo oculto / E a fera mergulha",,
pajé,Caprichoso,Poderoso Piaga,"e de curar / Tuas tribos todas reunidas / Num grito de guerra / Vem te anunciar, hê! /  / Auê, auê, auê / Dança pajé poderoso piaga / Auê, auê, auê / Vem chegando o pajé com a cara pintada /  / Auê, auê, auê / Dança pajé poder",,
pajé,Caprichoso,Yaskomo,"Oh, oh, oh, oh Pajé! /  / Mundurucu é sateré / Clamam ao pajé / Bençãos neste grande ritual / Curiató, tupinambá fazem oração / Ouv",,
pajé,Garantido,A Travessia das Cinzas,"Modelados nas urnas de barro / Forjados no fogo da sabedoria / Nação ceramista /  / No cortejo da mata, vai pajé / No rebojo do rio, vai pajé / Paira no lombo do jacaré-açu /  / Puçanga, pros seres encantados / Mediador do",,
pajé,Garantido,O-Baiá," (abá), abá (abá) /  / No canto, na dança, na reza pros deuses / Pra terra, pra água, pro fogo e pro ar / O pajé, o-baiá / Vai dançar, ê-ê (ha-heya-hey, ha-heya-hey, ha-heya-hey) / O pajé vai dançar, ê-ê / (Ha-heya-hey",,
pajé,Garantido,Xamã Bahsese,"undos da Piranheira /  / Dança, canta xamã, Bahsese / Faz a pajelança da cura e da Fé / Dança, canta Tukano pajé / Kumuã Bahsesé",,
pajé,Garantido,Abaeté Tupi," bem e o mal / Ecoando no meio da selva / Que é palco de um místico ritual / Vem desvendar o sobrenatural / Pajé / Vem desvendar o sobrenatural / Pajé / Vem desvendar o sobrenatural / Oh, oh, oh, Manangá pajé / Uiratipó, A",,
pajé,Garantido,O Sonho de Ipají,"racá / O novo curandeiro surgirá / Para guiar o povo Parintintin / A iniciação espiritual nunca terá fim /  / Pajé, pajelança, pajé, pajelança / Sonho, benzedura, o xamã canta e dança / Pajé, pajelança, pajé, pajelança",,
pajé,Garantido,Mapinguari,Declaram combate ao Mapinguari /  / E as tribos acendem a grande fogueira / Crendices e rezas conclamam o pajé / E o espírito mal é expulso da terra / Ao som dos tambores e do matumbé / E o monstro estranho termina a,,
pajé,Garantido,Matawi Kukenan,"ão / Bruxeleiam sobre os olhos / Os espíritos que pairam na escuridão / Entes da guerra, entes da guerra /  / Pajés feiticeiros, (curandeiros) / Combatentes do panteão tribal / Moradores das cavernas / Exorcistas do clã, ",,
pajé,Garantido,Pajé,"Pajé / Pajé /  / Pajé, poderoso na fé, a visão yagé / O senhor do Sol e da Lua / Surge ao som do trovão / E convoca ",,
pajé,Garantido,Marupiara,"as / Uma brasa lhe deixa na testa / A marca sagrada da lua nova / Para boa-venturança, unção de Cumacaá / O pajé lhe ensina as histórias do clã / E os segredos da vida tribal /  / Em sete dias, sete virgens, para amar / ",,
pajé,Garantido,Transcendência Kanamari,"m visões / Do fogo, da terra, da água e do ar / Cantam os deuses kohanas / Kodoh-warah /  / Na lua do Javari, pajé kanamari / Dança sobre insepultos dyohko / Transformando as feras num sopro em chamas /  / Alaridos, abutre",,
pajé,Garantido,A Mística Do Pajé,"a / Invocou os prazeres com seu tamurá / Os deuses do rio, os seres do ar e os bichos rivais / E o grande pajé bebeu mururé / Encanta a aldeia, fiel curandeiro / Do chá de aguapé / Que dança o balé, na igarité, no ig",,
pajé,Garantido,Pajé Tribal,"adornado de penas / Cabelo duro, pele morena / Homens do mato, de braços dados e pés descalços /  / Chama o pajé, guerreiro pajé / Chama o pajé, curandeiro de fé / Invoquem os seres da mata, os bichos das águas / No ce",,
pajé,Garantido,Tupã Uputari,"Tambores ecoam na selva escura / É noite de lua o pajé vai falar / Yawé, yawé, umba'á / Tupã Uputari / No centro da taba a tribo guerreira / Pintada pra guerra co",,
pajé,Garantido,Apocalipse Karaja,Terra! Profecias do pajé filho do fogo / Que se cumpra o extermínio dos domínios de Tupã / Dos segredos profanados da aruanã / Nas,,
pajé,Garantido,Apocalypto Yanomami,"tais, tu rogarás por nós / Derradeiro xamã yanomami / Traz a paz e a vida que um dia se foi / Ora e dança pajé! Ora e canta pajé!",,
pajé,Garantido,"Marupiara, Iniciação Munduruku"," força e a coragem pra se libertar / Para o jovem guerreiro / Só a sorte não basta pra se consagrar /  / Ó, pajé, me dê força pra coragem não me faltar / Pra coragem não me faltar / Me liberta do medo, me releva os s",,
pajé,Garantido,Triunfo da Luz,"Inolikô-Mikene-Ênã /  / O elo entre a aldeia do céu e a vida na terra / O suspiro da cura imortal / Rasteja pajé, rasteja pajé no mangue, no lodo com os olhos de fogo / No triunfo da luz de imawipayé /  / (Bruxaria-bru",,
pajé,Garantido,A Casa Caiu,i /  / A cunhã tu despachou / Tua sinhazinha cansou / E a porta-estandarte pro Balanço do Norte arregou / Teu pajé se aposentou / Trocaste até de apresentador / Tu fala de natureza / Mas teu amo é predador / Teu ritual nin,,
pajé,Garantido,Garantido Sou Eu," véu da noite num abraço /  / A gente pega quem navega nesse barco / Sou do São José, dessa cunhã, do meu pajé /  / Batendo palmas, aqueço o fogo / Acerto o jogo, acendo a alma /  / Se minha lágrima rolar, entrego às águ",,
pajé,Garantido,Jeroky Kaiowá,"Nhanderu, Nhandecy, Nhanderu, Nhandecy / Na luz sagrada do sol /  / O pajé Pa‘i Kuara vibra o maracá, toca takuapu / No Jeroky Guarani Kayowá / Pra vida na terra não se acabar / Pr",,
pajé,Garantido,Ritual Ajiê,"ahua, Dori Marinahua /  / Armadilha sobrenatural / Transferência espiritual do Dsoppineje /  / Tocorime, Onça-Pajé / Tocorime dança, dança / Tocorime, Onça-Pajé / A visão do Yajé /  / Voa sobre o labirinto das almas / Apazigua",,
pajé,Garantido,Pajé Dos Pajés,s / Danças e cantos ao grande amante da lua / Tribos da pele de fogo reunidas / Danças e cantos ao grande pajé dos pajés /  / O cheiro do pó do paricá / Maracá a vibrar no ar / Na cuia a bebida do transe / Para incorpora,,
pajé,Garantido,Auto do Boi (2012),"Mãe catirina tinhosa, pai francisco e gazumbá / Se ela comer essa lingua pra desejo saciar / Boto fé no pajé curandeiro pro meu boi ressuscitar /  / Mostra garantido tua tradição / Evolui ao redor da fogueira, brin",,
pajé,Garantido,Auto do Boi Garantido,"Pai francisco: Não se apoquente, meu patrão / Vou resolver essa questão / Vou chamar o curador poderoso pajé /  / Rufa tamurá! / Balança maracá! / Rufa tamurá! / Balança maracá! /  / Amo: Urrou o meu novilho / Meu amado gara",,
pajé,Garantido,Cidade de Lindolfo,"o, no céu de São João / Vamos folclorear no reino do bumbá /  / No auto do boi – cultura popular / Magia do pajé – senhor do ritual / Os kaçauaerés, a força estrutural / O apresentador comanda o festival /  / Preciso e g",,
pajé,Garantido,Deuses Canibais,evita em oração / Em êxtase viaja à outra dimensão / Guiado pela lua / Nas corredeiras ipixuna o canto do pajé / É mensagem dos deuses araweté / Sua visão vai além do céu vermelho / Maï decã marakã / Da maloca dos deus,,
pajé,Garantido,Ritual Yaminawá,"o substâncias do mal / Extermina os Yaminawá / É seus seringais (bis) /  / Em busca da salvação, o iniciado Pajé / Em transe com o machado da paz / Invoca o espírito do grande jaguar (Ynawá) / É na luta é abatido pela ",,
pajé,Garantido,TURÉ,"Mistérios repousam no fundo das águas / pajé despertou criatura encantada /  / Dança Palikur, dança Galibi / Dança Karipuna, dança Pajé /  / Dança Palikur",,
pajé,Garantido,Casa Das Flautas,"tra no pátio da casa das flautas /  / Terreno sagrado, rencanto das curas / Terreiro do encanto, do canto pajé /  / E a taba inteira num só movimento / Acende a fogueira para conceber / O menino guerreiro, e a verde fl",,
pajé,Garantido,Eldorado (O Ritual),"angada cerimonial / Vibração espiritual /  / À alma do sol (do fogo, fogo) / Seres sobrenaturais / Cortejam o pajé em transe / Bebendo ayahuasca, a bebida ancestral / Brilham oferendas de ouro e esmeraldas / Mergulho no ",,
pajé,Garantido,Jurupari,"di Piron, Arandi Piron, Canaroarro / Baniwa, Baré, Uerequina, Bará, Tariana / Celebram o grande ritual /  / Pajé transcende em sono profundo / Ayahuasca! / Pajé no sopro das flautas da iniciação /  / No transe das máscar",,
pajé,Garantido,Morte do Sol,"upana / He, he, he, heia / Chorava a nação tupi / A morte do Sol em pleno meio dia / Feitiço de um poderoso pajé / Clamava a grande nação / A Tupana adormecida nos braços de Iaci / Magias de um ahiang mawé / Tupana, Tupa",,
pajé,Garantido,O Segredo das Máscaras,"olam as forças da natureza / E os quatro elementos assolam a aldeia / Inã-son-werá /  / Ressurge o poderoso Pajé / Enfrentando o mal com seu maurehé / As nuvens se beijam, tempestade no ar / Nas garras da morte o fogo ",,
pajé,Garantido,Ritual Dení,celeste  / Zupinehé mago dos sonhos / Mastiga o katuhé  / E em êxtase vai ao duelo /  / Num transe profundo / O Pajé Zupinehé / Evoca a coruja  / Pássaro ancestral  /  / Trovões e rajadas abatem  / O terrível Tukurime / Com o ma,,
pajé,Garantido,Ritual Huni Kuin," que viram, não acreditaram / Como era, já não é mais, não é mais / Kuxpa, hasin, piu, bani, xene kate /  / Pajé desenha, na face, o kene kuin / Espreme, nos olhos, as folhas da mata / Entrega seu corpo ao leite das ",,
pajé,Garantido,Ritual Kuarup,"rreiros, Presas na floresta e ao rio / Os mensageiros Pariar, Convidam toda a tribo a saudar / O grande pajé mawutzinin, Criador do ritual Kuarup / Os mensageiros Pariar, Convidam toda a tribo a saudar / O grande",,
pajé,Garantido,Sedutora Das Águas,ntados / Esfumaçam a brisa / Seu feitiço apaixonante / Alucina o pescador / Inebriante de amor /  / E somente o pajé / Poderá lhe salvar / Do abraço tenaz / Da sedutora das águas /  / Iara mãe d'água / Iara mãe d'água / Mãe do bot,,
pajé,Garantido,Ynhangõrom,Na escuridão da mata  / Nuvens negras resplandecem o brilho do luar / Pajés prenunciam / É sinal que na floresta a salvação virá  / Ynhangõrom /  / Pássaros revoam em busca de abrigos,,
pajé,Garantido,Aldeia do Fogo Celestial,"rú / Karaí ru eté, Karaí ru eté /  / Atacar! /  / Onças-poraquês, lagartos-jacarés / Macacos-jiboia, assombra o pajé /  / Guiado pelo olhar da coruja flamejante / Na aldeia de fogo o pajé resgata a cunhã /  / Dança Xamã, ao so",,
pajé,Garantido,As Cores da Fé,"a resistência / Da vanguarda e da tradição /  / Rito de preto, dança e procissão / Povo de santo, devotos e pajés / Tem reza, oferenda e cura / Vodum encantado em orixá / Rogai por nós em liberdade / Jesus, Tupã ou Oxalá / ",,
pajé,Garantido,Exaltação Indígena,"Do imaginário indígena, seres mitológicos / O inexplicável transe do pajé /  / Rito, lenda, conto ancestral, pajelança, o sobrenatural / As flechas, as penas, a pele morena reluze",,
pajé,Garantido,Folguedo Brasileiro,re brasileiro /  / Tem pai Francisco / Tem mãe catirina / Tem compadre gazumbá / Tem o amo e a sinhazinha / Tem pajé pro boi ressuscitar,,
pajé,Garantido,Monstro Yapuritã,"s de Escorpiões fogo no ar / A fera vinda do igapó, atormenta /  / Medo é calafrio, a fera atacar / Evoca o pajé a Índia pra lutar / Bela apurinã linda como Sol / Guerreira destemida com a força do jaguar /  / (Todos na ",,
pajé,Garantido,O Grade Ritual Cupendiepes," / Espírito do grande jaguar /  / Chocalhos, matracás e matumbés, / Tambores e rapes vão levitar / O demiurgo pajé, o arcanus da fé / Pra liberta a bela dos braços da fera / Para echar as labaredas de fogo na / Tribo da",,
pajé,Garantido,Os Quatro Elementos,Dos mares dos lagos dos rios / Emergem a sombra do grande pajé / Vertentes de águas profundas / Barrancos encantos dos igarapés / Teu grito ressoa na mata / Reclama a sel,,
pajé,Garantido,Tanameá Marubo,"da floresta, voz de trovão / Para a conflagração entre o bem e o mal /  / Num êxtase dimensional / O grande pajé, mensageiro da fé... Romeyá hey, há / É o mestre da cura a levitar /  / Na viagem entre o céu e a terra / A",,
pajé,Garantido,Trilha do Sobrenatural,Na hierarquia dos Pajés / Um mundo sobrenatural / Revelará a força do poder da unção / Seguidores da luz / Fazem a dança dos espíri,,
pajé,Garantido,A Casa Caiu (2017),A cunhã tu despachou / Tua sinhazinha cansou / E a porta estandarte / Pro balanço do norte arregou /  / Teu pajé se aposentou / Trocaste de apresentador / Tu fala de natureza / Mas teu amo é predador /  / Teu ritual ningué,,
pajé,Garantido,Boi de Pândega,"itando balançando as lanças / Traz a alegria meu boi garantido / Tem cantador, versador, tem cunhã, tem pajé / Tem sinhazinha bela da fazenda, todos na arena pra te exaltar /  / Esse é meu boi (boi, boi!) / O nosso b",,
pajé,Garantido,Boi mais querido,"o vaqueiro do meu boi bumbá / Êla, êla, êla boi, vai na campina meu touro buscar / Êla, êla, êla boi, o pajé enfeitiçou a raça / Raça de índios guerreiros / Valentes na pesca e na raça / Aky Munaita Techi / No Kika C",,
pajé,Garantido,Caboclo Sacaca,"jiru, mucura-caá / Puru-puçanga, apuí, mangarataia, tauá / Sara-tudo, tem virataia e mururé / Segredos do pajé, simpatia pra tirar quebranto / E para acalmar a mãe do corpo / Mau olhado, desmentidura / Panemice eu cu",,
pajé,Garantido,Etnias,"etnias (etnias!) /  / Pulsem os tambores do tempo / Da resistência e da vida / O poder do tuxaua, a cura do pajé / A arte, a fala, a fé /  / Pulsem os tambores da terra / No folclore de Parintins / Pulsem os tambores da fe",,
pajé,Garantido,Festa da Moça Nova," araparirana) / Mãe do vento aranha / (Óh-ó-ó, óh-ó-ó) / Imune aos espíritos maléficos / Na magia do grande pajé / E a moça nova se torna mulher / Pelo encanto de ter seus cabelos / Depilados num rito de fé / (E a moça n",,
pajé,Garantido,Karõ Krahó: A Batalha das Almas,"ceifador que ronda a aldeia / O sepulcro de longe vagueia /  / Karö Krahó, Karö Krahó / O rito funerário ao pajé foi revelado / Mekarô, Mekarô / A alma do guerreiro morto é levado ao mundo dos espíritos /  / O Xamã sobe ",,
pajé,Garantido,Kuarup - A Festa Dos Mortos,"rtos / Rito milenar /  / Kuarup, Kuarup / Kuarup Kamayurá / Kuarup, Kuarup / Kuarup Kamayurá /  / E dançam todos os pajés / Convocam todas as nações / Todos os clãs, todas as tribos para a festa do Xingu /  / E dançam todos os pa",,
pajé,Garantido,Madjú-ã," clã /  / Almas indefesas eram sepultadas / No ventre da grande serpente / Mas subitamente surgiu o valente pajé  / Da nação Urubús-kaapó / Urubús-kaapó, Urubús-kaapó /  / Lutando nas águas profundas / Contra o poder da bo",,
pajé,Garantido,Moangá,"a chegou /  / É Moangá, o protegido de Tupã / É Moangá, o protetor de toda terra / É Moangá, o soberano dos pajés / É Moangá, que contra o mal declara guerra /  / A Lua clareia o centro da aldeia / As tribos rodeiam as ch",,
pajé,Garantido,"Muraida, o Triunfo da Flecha","rapé de paricá, / (Negros, caboclos, cabanos), / Nas mãos dos guerreiros a arma do flagelo, / Nas mãos do pajé o sagrado maracá /  / Os jovens guerreiros são iniciados, / Surrados para vencer o medo é a dor, / O xamã i",,
pajé,Garantido,O Grande Ritual Kupen Diepes,"Ao espírito do grande jaguar / Chocalhos, matracás e matumbês / Tambores e rapes vão levitar / O demiurgo pajé, o arcanos da Fé / Pra libertar, a bela dos braços da fera / Para flechar as labaredas / De fogo, (fogo) ",,
pajé,Garantido,O Poderoso Ritual Apurinã,"animalíticos espíritos /  / Paricá, paricá, muçurana maracá / Paricá, paricá, muçurana maracá / Vão guiar o pajé / Ao lado oculto da ocara espiritual / Ao devaneio mortal / Na toca do Anhanguera colossal /  / Ora, pajé, or",,
pajé,Garantido,Odoshas,"Sou pajé dos teus antepassados / E tu guerreiro forte e valente te chamarás / Wañadi! /  / (Oh, oh, oh, oh, oh-oh-oh",,
pajé,Garantido,Pandré,"to carregas um condor / Almakua, tua aura ancestral / Dança pandré, no rito tu és / O ser maior, o grande pajé /  / Animismo, a natureza viva / Centramento te traz a luz divina / Dança pandré no rito de fé / Grande pajé ",,
pajé,Garantido,Ritual da Escarificação,"ha, ossos afiados / Com jenipapo seu corpo tatuado / Gravuras eternas perpetuará / Transcendência do novo pajé /  / Vi a vida, vi a morte / Fui ao mundo surreal / Conheci segredos ocultos / Retornei mais forte / Agora sou ",,
pajé,Garantido,Ritual Kawahiva,É bem mais escuro antes do amanhecer / Somente o pajé pode ver os Tapuins na escuridão / Obscuros em procissão /  / Eu uso o poder das plantas e dos minerais / P,,
pajé,Garantido,Tukano,"l / É herança de um povo guerreiro / Na luta da terra do bem e do mal / É a noite, é a lua, é a fecha,  o pajé / São os ritos Tukano Nyê / É o fogo que queima no tempo dos tempos / Pra arte da guerra vencer / Hei, hei,",,
pajé,Garantido,Um Mundo Novo, nunca mais /  / E a batucada me vacina / Dessa febre que domina / A ignorância repentina a nos condenar /  / O pajé conclama vigoroso / Que a cura pra um mundo novo / É o amor pra se amar,,
pajé,Garantido,Garantido Vivo,"a das lanças vem chegando meu vaqueiro / Versa meu amo, toca forte batuqueiro / Vem sinhazinha, cunhã e pajé / Vem kaçauerés, os camisas encarnada /  / Cuirão corre na baixa de vermelho / O rio me conduz pra matar a ",,
pajé,Garantido,Kamarãpi," do sobrenatural / Expulsa todo o mal / Ayahuasca, bebida da floresta / Tem canto, rito e festa / Ashaninka / Pajé de sonhos, Pajé de sonhos / Ashaninka / Água, rainha e o fogo / Água, rainha e o fogo / Água, rainha / Água, ",,
pajé,Garantido,Karajá - Apocalíptico Inã,"os homens pra se revelar / No templo Aruanã Etô / A índia profanou a história /  / Viaja no transe o grande pajé / Ao inspirar poderoso rapé / Umbrosa e sinistra é tua visão / Em prantos, retorna do além em clamor / Pra ",,
pajé,Garantido,Kuarup,ta sagrada / Das tribos do Xingu /  / Toda tribo canta / É dança sem parar / Kuarup ritual Kamayurá /  / Todos só pajés / São convocados / Para festa do Xingu / É muitas etnias se reúnem / Para o grande ritual / Kuarup é o tronco,,
pajé,Garantido,Magia e Fascínio no Coração da Amazônia,"ontemplando a beleza / Sinfonia ancestral regida pela natureza /  / Povos primitivos, cacicados e grandes pajés / Viveram e cultuaram esse chão de Tupã (oré ibiporã) / Despertando a cobiça com punhos de aço / Manchara",,
pajé,Garantido,"Moyngo, a Iniciação Maragareum",O transe de Maragareum / O canto de Maragareum / O sonho de Maragareum pajé! /  / Em transe num sono profundo / Num tempo obscuro voam sentinelas na escuridão / Mensageiras da noite q,,
pajé,Garantido,O Dom de Um Sacaca," guiam ao mundo das encantarias /  / Cobra Grande Caninana quando boia / Entra em minh'alma / E me torna um pajé / Folhas, ervas, sumos e raízes / Pra feitiçaria e roubo de sombra / Um rito de fé me contou caruana / O se",,
pajé,Garantido,Saritó,"ré / Eu sou Kaiapó, Titití, Tamurá / Alô Mirirí, alô Cassauá / Que os Mundurukus eu fui convidar / Lá vem o pajé da tribo Kaiapó / Vai ensinar e mostrar pra vocês / Como vai tocar o seu marari / Fumar kamanxú feito de ",,
pajé,Garantido,Tsantsa," / Cai desfalecido pela bruxaria do inimigo / O povo Shuara chora / E suas lágrimas revelam ao misterioso pajé / O segredo adormecido / Da cura sagrada Tsantsa, Tsantsa, Tsantsa / Pajé Shuara, o bruxo escultor de cab",,
pajé,Garantido,"Xawára, O Monstro Devorador","i / A vida é o bem mais precioso /  / Mas a cobiça dourada do branco / Ainda ameaça este povo /  / Ó taumaturgo pajé / Sob o transe de rapé / Voa, voa, voa, Em busca de espíritos / Desce das montanhas, espíritos  / Em teias ",,
pajé,Garantido,"Ye Pá, A Deusa Da Criação",tambores trocanos / Das flautas sagradas miriã / Os filhos da criação / Louvaram a deusa Tukano Yê Pá / E o pajé a invocar o deus ëmëkho-ñikhë / Que enviou a cobra grande cë pirõ / Para inundar a floresta dizimando o,,
cunhã (isolado),Caprichoso,Guerreira Das Lutas," é Munduruku, Tupinambá, Kayapó / Atroari, Asurini, Zo’é, ela é Sateré / Hixkaryana, guerreira, poranga-cunhã (cunhã!) /  / (Hê, hê, hê, heia) / (Hê, hê, hê, heia) / (Hê, hê, hê, heia) / (Hê, hê, cunhã!) /  / Ela transforma",,
cunhã (isolado),Caprichoso,Cunhã Tribal,As tribos te chamam guerreira cunhã / Pra grande festa na aldeia tribal / O teu corpo é brilho do Sol e da Lua / Cunhã-poranga / Ela dança ela ,,
cunhã (isolado),Caprichoso,Maracás do Rio Negro,"O vento desalinha os teus cabelos / Enche os teus ouvidos de segredos / Estrelas no céu são os olhos da cunhã /  / Ela viaja / Lavrando várzeas e banzeiros / Estrelas d'alva, Sol da manhã / Tece o sonho cor da mata / Cant",,
cunhã (isolado),Caprichoso,Povo Festeiro da Ilha,"o caprichoso e um marujeiro no tambor /  / Vou tomando uma, vou tomando duas / Sou o que quiser, danço de cunhã, danço de pajé / Sou artista, levantador, sou até presidente, tudo nesse boi",,
cunhã (isolado),Caprichoso,Consagrada Cunhã,"a filha desse chão / Tua dança originária, de penas adornadas / Tua galera te chama, cunhã-poranga chegou / Avante guerreira! Cunhã Munduruku! /  / Com arco e flecha na grande floresta / Expulsa o kariwa / Em honra, bra",,
cunhã (isolado),Caprichoso,Deusas da Guerra,"lhos do sol /  / A linda deusa Conori / Andava na frente / E comandava o exército / Do matriarcado / Icamiabas, cunhã puiaras /  / A flecha, a força, a guerra / O império das amazonas / Avançam com fúria na moraçáua /  / Sobre os",,
cunhã (isolado),Caprichoso,Yreruá - A Festa do Guerreiro,"nscendente, transcendente /  / Do sonhar / O oclumente teve um olhar / Do mésmero proclama: A límpida visão / Cunhã-puiára / A gravidez que se cumpria / O ritual dos filhos de Bahira / Dança com o céu azul / Sobre a carcaça",,
cunhã (isolado),Caprichoso,Cunhã Poranga Yaci,"(Uerêra hê, uerêra hê, uerêra hê) / (Soberana cunhã, soberana cunhã, eleicram) /  / Com a leveza da garça morena / E sutileza da felina mulher / Seu corpo tez ",,
cunhã (isolado),Caprichoso,Tukaia dos Espíritos,"feram o rugido das feras! /  / Chama karowara, chama apykwara / Vem javara baia! / Teu canto faz estremecer / Cunhã uirasimbé, dança com o pajé / Faz a pajelança grande / É ritual Maraká! /  / Teu canto faz estremecer / Cunhã",,
cunhã (isolado),Caprichoso,Serpente Dinahí,"e do fundo das águas / É tempo de despertá-la / Oh /  / Metade serpente, metade guerreira (Manaó) / Guerreira cunhã da nação Manaó / Guardiã do encanto do fundo do rio / Triunfou sobre os mura com a força da guerra / E a ",,
cunhã (isolado),Caprichoso,Cunhã: A Criatura de Tupã,"erreira / Índia guerreira! / A flecha pra dançar aos ventos / As penas para adornar o corpo nu / Da semente da samaumeira / Toda leveza, nativa beleza / Selvagem cunha /  / Vem dançar! Vem dançar",,
cunhã (isolado),Caprichoso,Morena Cunhã,"alera /  / Das águas do rio vem minha morena / Sua beleza vem me encantar / Da cor do fruto do açaí, morena / Guerreira cunhã / Teu sonho de amor na arena / (Guerreira cunhã) /  / Na festa da tribo, azul é a cor / Um lindo ad",,
cunhã (isolado),Caprichoso,Conori - As Amazonas,Conori Conori Conori Cunha Puiara / Conori Conori Rainha das Icamiabas /  / Mulheres valentes guerreiras / Belas seminuas manejo certe,,
cunhã (isolado),Caprichoso,Hurequeí,Hurequeí cunhã / Hurequeí cunhã / Hurequeí cunhatã /  / Hurequeí cunhã / Hurequeí cunhã / Hurequeí cunhatã /  / Mãe Pakira anuncia,,
cunhã (isolado),Caprichoso,Divino Canto,Cerecê e Uirá / Duas lindas cunhãs / Apaixonaram-se por Ipadi / Forte e valente guerreiro / Cacique da tribo Tupi / Apenas uma o cacique podia,,
cunhã (isolado),Caprichoso,"Maria, a Deusa Tupinambá","Pele pintada pra dança, pra guerra / Pele pintada pra dança, pra guerra / Pele pintada! / Poranga cunhã (hey) / Poranga cunhã (hey) / Cunhã poranga /  / Vem! Índia guerreira de pele morena / A deusa tribal adornad",,
cunhã (isolado),Caprichoso,Templos de Ouro,"s nobre ouro / Das presas do jaguar / No serenar das asas do condor / Cansadas sob o luar / A mais bela das cunhãs é oferenda a Pachamama /  / Akhaim, Akhanis, Akakor /  / Um mapa, um sonho / A ferro e fogo / Teu ouro, lendári",,
cunhã (isolado),Caprichoso,"Yuu Tsega, a Festa da Moça Nova",ite / rastejam serpentes das dimensões Abissais / no rito dos fios de cabelo arrancados / a moça se torna cunhã / afugenta o mal e a tribo ticuna / na aldeia celebra o grande ritual /  / Ticuna arê pajé ticuna / Ticuna ar,,
cunhã (isolado),Caprichoso,A Árvore Ancestral,"tes e igarapés / As folhas transformaram-se em sapos / E de uma flor nasceu, Tetchi / A primeira Cunhã-poranga /  / E a cunhã Tetchi pescou os peixes / que se tornaram gente / Uns caminharam para aurora / outros rumaram a",,
cunhã (isolado),Caprichoso,"Acalanta, Um Hino À Amazônia","steira), que não desperdiça / Boca da noite, histórias da cobra-grande / pôr do Sol vai bisbilhotando / A cunhã distraída cantando / No banho de cuia, na beira do rio / De manhãzinha o Sol dourado / Vem trazendo a rev",,
cunhã (isolado),Caprichoso,Denaquiê,"A luz de uma estrela / Iluminava o rosto das cunhãs / Na madrugada, o esplendor de Tainakã / E duas belas índias apaixonadas olhavam o céu / Imaherô e Denaqu",,
cunhã (isolado),Caprichoso,Tuiçaua – a Dança Das Morubixabas," / Pra dança das Morubixabas / (Aaaah-aaabas, ah-ah-ah) / Tuxaua, Tuxaua, Tuxaua, Tuxaua, Tuxaua, Tuxaua /  / Cunhã mukun surara neié pé cunhã, cunhã / Cunhã mukun surara neié pé cunhã, cunhã / Kirimbawa surara puraci / C",,
cunhã (isolado),Caprichoso,Canto Para Naruna,Descendo estas águas serenas  / Vejo cunhãs belas e guerreiras / De flechas certeiras e longas melenas / Estórias contadas de longe  / Como nos conto,,
cunhã (isolado),Caprichoso,Doce Cunhã,s bela do meu boi /  / Como a brisa deslizando na candura das manhãs / Dentre todas as mais belas é a mais doce das cunhãs / O teu olhar tem o brilho das estrelas / Luminando o firmamento / O teu bailado a leveza de um,,
cunhã (isolado),Caprichoso,Ipotira,"Da tua boca perfumada Cunhã / Nasce as belas canções / As mais lindas histórias / Os sons da floresta, no sol da manhã / Nas noites de ",,
cunhã (isolado),Caprichoso,Ritual Karajá,Ure kery cunhã / Ure kery cunhã / Ure kery cunhatã /  / Mãe Pakira anuncia à tribo / Que acenda uma grande fogueira / Arrancan,,
cunhã (isolado),Caprichoso,Vitória Amazônica,"das /  / Sedutora, calada, parada / Águas encantadas / Onde Yaci se banhava / Espelho da lua / Roubou o amor da cunhã / Um mergulho no encanto / Por encanto, uma flor sem manhã /  / Vitória amazônica / Santuário de estrelas / Nas",,
cunhã (isolado),Caprichoso,Cunhã Tupinambá, traços divinos / Que os deuses declamam em louvor /  / Vem morena se consagra nessa dança / És a rima do meu canto / A cunhã-tupinambá (bis) /  / Nessa noite estrelada pra galera vai dançar / Surge ornada em meio as brum,,
cunhã (isolado),Caprichoso,Lenda Amazônica III,"como nunca ouvera naquela região. Uiná, belo e corajoso guerreiro da tribo Taulipang e Acami, linda cunhã da tribo Macuxi. Acontece que as duas tribos eram inimigas, o que tornava o amor dos dois impossíve",,
cunhã (isolado),Caprichoso,Sangue do Trovão,ir / O grito do guerreiro / O canto do feiticeiro / E a voz do sábio ancião / Quero ver / O sorriso na aldeia / Cunhã dançando fagueira / No murmúrio da multidão /  / Lavanta Capiricú / Atira teu sangue ao vento / E na força do,,
cunhã (isolado),Caprichoso,Terra de Bravos,"rreiro Uapixana /  / Eu sou! / Munduruku, Sateré-Mawé / Paraviana, Iscariana / Parauni, Andirá, Sapopé /  / Dança Cunhã, no rito tribal / Das tribos tocando e dançando / Na celebração /  / Heira ra, heira ra, heira ra, heira ra",,
cunhã (isolado),Caprichoso,Acalanta," noite, histórias da cobra-grande / Do botinho cuíra nas águas caladas / Pôr do Sol vai bisbilhotando / A cunhã distraída cantando / No banho-de-cuia, na beira do rio /  / De manhãzinha o Sol dourado / Vem trazendo a re",,
cunhã (isolado),Caprichoso,Iaru E Ceuci,rfume da noite / O som da cascata / Lágrimas de fogo / Brilho da luuuuuuuuuz... /  / Tuxaua moço não escolhia cunhã / Ceíma que encontrava / Com ela deitava / Tempo de caça no centro da ilha / Iaru viu a índia / Sorriso de es,,
cunhã (isolado),Caprichoso,Mulher Guerreira,"a terra não é ilusão / Sabemos nela preservar / Beleza, gestos de emoção / Lição pra natureza amar / Divina cunhã simboliza os florais  / Nossa aldeia / É o azul vivendo em paz /  / Divina cunhã / Quem embala o luar / Incende",,
cunhã (isolado),Caprichoso,Soberana Cunhã,"ilho do luar, em sua evolução revela / Seu poder com os tambores da terra / Vem batendo os pés / No rito das flautas sagradas / Encantada cunhã /  / Gira pernas, entrelaçam no ar (cunhã-poranga) / Arco, flecha e tacape ",,
cunhã (isolado),Caprichoso,Suraras do Beiradão,"guardiãs / Das terras somos guerreiras / Dos rios somos guardiãs /  / Pintura escudo da alma / Na pele de uma cunhã / Sou guerreira Surara / Eu sou, eu sou /  / Não venha mexer comigo / Que é forte o meu tambor / Não venha mexe",,
cunhã (isolado),Garantido,Aiyra Ibi Cunhã,Cunhã! Cunhã! / A tua voz na selva se agiganta e fala sobre nós / A energia dos tambores vibra intensa como o,,
cunhã (isolado),Garantido,Isa-a-Bela,"nca /  / Todas as tribos, é festa na aldeia / A deusa reverbera a luz da noite / Para o grande ritual /  / O povo vibra na dança / Da cunhã Tupinambá / Heira heira hei! /  / Marca na pele cada guerra / É história pra contar / Hei",,
cunhã (isolado),Garantido,Deusa Cunhã,"Ao som do tamurá, maracá, carriço, ireru, puraci-sauá / Surge a deusa cunhã pra dançar / O ritmo selvagem de guerra / hei! há! hei! há! hei! há! hei! há! hei! há! hei! há! /  / Ilumin",,
cunhã (isolado),Garantido,Festa da Raça,"ncar no boi mais querido / Vem amar e ficar com o Garantido / Teu calor, teu amor, tem sabor guaraná, ó cunhã / Tá que tá, meu bumbá, vamos lá ver o Sol da manhã / Boi, ê boi, ô-ô-ô, balanceia, boi / Boi, boi, balan",,
cunhã (isolado),Garantido,Esplendor de Beleza,das constelações / Ela vem surgindo / Banhada de graça e beleza / Com a força e o poder da natureza / Linda cunhã traz na mão o estandarte / Da nação vermelha /  / Traz história as lendas a glória / A vitória a fé e as cr,,
cunhã (isolado),Garantido,A Lenda do Guaraná,raná /  / Noçokem a floresta encantada  / O templo que emana os poderes mágicos / De Onhia-Mauaçabê / Da bela Cunhã a luz irrompeu  / Um brilho de vida que brota  / Das matas do Mauwé-Açú / Que um dia ali floresceu /  / Mas a,,
cunhã (isolado),Garantido,O Sedutor Das Águas,"amar / O príncipe das águas /  / Sedutor de almas, alimenta-se em sonhos / Devorando a pureza / Que emana das cunhãs /  / Sedutor de almas, alimenta-se em sonhos / Devorando a pureza / Que emana das cunhãs /  / Eu sou o boto enc",,
cunhã (isolado),Garantido,Dinahi,No mais sublime esplendor / Do encontro das águas / Renasce a morena cunhã / Refletindo o lugar / Perfuma aldeia de amor / Em noites Nhengariçauá / Seu canto fascina Tupã / Sedução do ,,
cunhã (isolado),Garantido,A Casa Caiu,"Olha, contrário! /  / Minha galera sabe que a tua derrota dói / Somos madeira de lei que cupim não rói /  / A cunhã tu despachou / Tua sinhazinha cansou / E a porta-estandarte pro Balanço do Norte arregou / Teu pajé se ap",,
cunhã (isolado),Garantido,Garantido Sou Eu," céu derrama / O véu da noite num abraço /  / A gente pega quem navega nesse barco / Sou do São José, dessa cunhã, do meu pajé /  / Batendo palmas, aqueço o fogo / Acerto o jogo, acendo a alma /  / Se minha lágrima rolar, e",,
cunhã (isolado),Garantido,Libertárias Guerreiras,"nori Puyara / Comanda o combate no Paranatinga / Para expulsar o inimigo invasor /  / As Ycamiabas, bonitas cunhãs / Cravejam de flechas o bergantim inimigo / Fazendo o kariwa correr da batalha /  / E assim a história logo",,
cunhã (isolado),Garantido,Paraponera," chão de Rudá / Guerrilheiros de sangue Tupi / Defensores do chão de Rudá /  / Cavaleiro curumi açú / Amazona cunhã pisasú / Cavaleiro curumi açú / Amazonas cunhã pisasú /  / Paraponera, Paraponera / Vai à luta absoluta sobre",,
cunhã (isolado),Garantido,Balança Boi,"Tem loira, tem morena bela / Tem cunhã e tem cuirão / Tem caboclo, tem índio guerreiro / No curral do meu boi só tem emoção /  / Tem cheiro de pat",,
cunhã (isolado),Garantido,Deusa Das Cunhãs,", maracás ressoam no ar / Em alarido a floresta chama pra dançar / (A deusa guerreira dos Tupinambás) / A cunhã hipnotiza os olhos do luar / A beleza e a forma bela de dançar / Sua pureza é essência de um vermelho ê",,
cunhã (isolado),Garantido,Guerreira Cunhã,"Guerreira cunhã! / (Ha-ha-heya, ha-ha-ha-ha-heya, ha-hey) / (Hey) / Hê-ê-ê-ê, hey, hey / Guerreira cunhã! /  / Flautas ecoam / Ta",,
cunhã (isolado),Garantido,Naruna Das Amazonas,"ulha a imagem / Às margens do lago espelhado / Eu vou encontrar Iacy Uaruá /  / Segredam os ventos que eram cunhãs / De negros e lindos cabelos / Nos seios, ostentados muiraquitãs /  / No reino das belas índias / Icamiaba, N",,
cunhã (isolado),Garantido,Origem Yãkwa,"wê enawenê nawê /  / Surgiu no mundo da larvas / A sombra que mata / Espírito yakairiti seifa vida, da bela Cunhã enawenê nawê / Ventos da morte! / Na aldeia choros précis e lamentos / É prenúncio do encontro, com aranh",,
cunhã (isolado),Garantido,Quando Honorato Lutou Com Caninana," /  / O combate então começou! / Caninana como fêmea lutou! / Mas Tupà interferiu / E da cobra então surgiu / A Cunhã, a bela mulher! / Cunhã Poranga como a paz a dançar! /  / Todo o povo a cantar / Cunhã Poranga vai chegar! / ",,
cunhã (isolado),Garantido,Flechas Serpentes,ulheres da aldeia / Eis que surge maricá pra lutar /  / O guerreiro ferido é curado / Pela pintura da cobra-cunhã / E a Mãe-Rã revela ao arqueiro / O segredo das flechas serpentes /  / Dispara Maricá as flechas no ar / Para,,
cunhã (isolado),Garantido,"Minha Terra, Minha lenda","ha vaqueirada / no compasso da toada pra Tupã fazer nascer /  / O pé de mato verdinho / da cor dos olhos da cunhã / e o boi de veludo branquinho / da cor da flor de tucumã /  / Boi meu boi, boi, boi, boi, meu boi",,
cunhã (isolado),Garantido,Sou Parintintin,io-mar / Na candura dos igarapés / Nos lagos das aruanãs / Nos rios dos tucunarés /  / Nos encantos das belas cunhas / Nas toadas do meu boi-bumbá /  / Da Amazônia meu canto nativo / No mundo ecoou / Parintins é cultura cresce,,
cunhã (isolado),Garantido,Aldeia do Fogo Celestial,", para te devorar / (Devorar, devorar, devorar, devorar) /  / A aldeia tenharim é invadida na escuridão / A cunhã mais linda é arrastada sobre a cerração / Clamam os guerreiros tenharins / Ao sopro do coração / A espera",,
cunhã (isolado),Garantido,As Amazonas,Conorí Cunhã Puiara a Rainha Icamiaba / No coração dessa selva / A flecha encravada / As virgens do sol / Guerreiras Ama,,
cunhã (isolado),Garantido,Garça Morena," amor encarnado / De vermelho mostrar seu bailado / Sua graça toda a sua beleza / Entra em cena / A valente cunha guerreira / Imagem perfeita da glória vermelha / Pintada de luar / Voa garça morena, voa cunhã faceira / És",,
cunhã (isolado),Garantido,O Grade Ritual Cupendiepes,onta! /  / Semeando a maldição / Machado de pedra na mão / Do vampiro da escura caverna / Levando a mais bela cunha apinajé / Como escrava da noite eterna / Mas de repente o silêncio pairou... /  / Cupendiepes! Apinajés! /  / F,,
cunhã (isolado),Garantido,Wadye,"mundo sombrio / SouAnguéra e vou pegar você /  / Sou Wadye, sou Wadye / Vou te desafiar, eu vou / Vou levar a cunhã da aldeia / Vou levá-la pra ser a minha mulher /  / Suas cuias, seus cocares mais belos / Seus desenhos em ",,
cunhã (isolado),Garantido,A Casa Caiu (2017),A cunhã tu despachou / Tua sinhazinha cansou / E a porta estandarte / Pro balanço do norte arregou /  / Teu pajé se a,,
cunhã (isolado),Garantido,Abayomi,"Vem no clarão do luar / Vem no Sol das manhãs / No sorriso no rosto das cunhãs / Faz a vida rebrotar, a terra renascer / E o rio novamente nos banhar /  / É o reencontro do homem com a n",,
cunhã (isolado),Garantido,Boi de Pândega,"ar / Vem saltitando balançando as lanças / Traz a alegria meu boi garantido / Tem cantador, versador, tem cunhã, tem pajé / Tem sinhazinha bela da fazenda, todos na arena pra te exaltar /  / Esse é meu boi (boi, boi!)",,
cunhã (isolado),Garantido,Dança Morena,"ãs a nos fascinar / O rubro é a cor ao rufar do tambor do seu boi bumbá / Imagina seu charme na arena / É cunhã a dançar / Enfim, surgem as formas caboclas / Com adornos de penas nas pernas morenas / Sua dança é um ce",,
cunhã (isolado),Garantido,Festa da Moça Nova,A tribo Tikuna começa / Mais uma cantiga pro seu ritual / Iniciação da cunhã / Festa tribal / Iniciação da cunhã / Proteção para o clã defender / A menina moça das forças do mal / E a jo,,
cunhã (isolado),Garantido,O Grande Ritual Kupen Diepes,ronta! / Semeando a maldição / Machado de pedra na mão / Do vampiro da escura caverna / Levando a mais bela cunhã Apinajé / Como escrava da noite eterna / Mais de repente o silêncio pairou /  / Kupen Diepes! Apinajé! / Flec,,
cunhã (isolado),Garantido,Garantido Vivo,"ra /  / Dança das lanças vem chegando meu vaqueiro / Versa meu amo, toca forte batuqueiro / Vem sinhazinha, cunhã e pajé / Vem kaçauerés, os camisas encarnada /  / Cuirão corre na baixa de vermelho / O rio me conduz pra m",,
cunhã (isolado),Garantido,Kambô,"usca  / Infinita do ser imortal / Embrenha-se na mata,  / Encontra a salvação  / Em troca da vida oferece a Cunhã /  / Dias caem e noites se vão  / E surge a libertação /  / Tribos de rã, de rã Kambô / Kambô, ô, ô,ô... / Rã, rã",,
cunhã (isolado),Garantido,Lua Morena,a festa em meu coração / Em giros gingados amores guardados / Na cor da paixão / Menina guerreira valente cunhã / De força de garra herdeira de um clã / Beleza que fica nos sonhos de amor / Nas pernas com penas no cor,,
cunhã (isolado),Garantido,Revolução Das Cunhãs,"Anauê, cunhã katu! / Tairu, cê, Îandê, Îandé Moronguêtá Recê / A cê Apekatu / Anauê, cunhã! (Anauê, cunhã!) /  / (Hei! Hei",,
cunhã (isolado),Garantido,Toque de Midas," reunir sua tribo vai ter festa no terreiro / Do meu boi bumbá / Festa de boi na floresta é assim / Tem a cunhã tem o curumim / Tem o caboclo a cabocla cheirosa / Cheirando a rosa, cheirando a jasmim / Tem muita alegr",,
cunhã-poranga,Caprichoso,Guerreira Das Lutas," força de Yukatã, moldadas pelas mãos / Pela arte, pelas plumas, pelo barro, pelo Deus Monãg, oh / Vem, cunhã-poranga! /  / Ela é Munduruku, Tupinambá, Kayapó / Atroari, Asurini, Zo’é, ela é Sateré / Hixkaryana, guerreira, po",,
cunhã-poranga,Caprichoso,Cunhã Tribal,"os te chamam guerreira cunhã / Pra grande festa na aldeia tribal / O teu corpo é brilho do Sol e da Lua / Cunhã-poranga / Ela dança ela chega preparada pra guerra / Arco e flecha /  / Adornada de penas, linda morena / Nativa da t",,
cunhã-poranga,Caprichoso,Consagrada Cunhã,"(Heya, heya, heya) / Rufa o tambor da terra, pintada para guerra / Cunhã Poranga empoderada filha desse chão / Tua dança originária, de penas adornadas / Tua galera te chama, cunhã-por",,
cunhã-poranga,Caprichoso,Cunhã-Poranga,"Eh, meu povo / Vem pra ver de novo / A Cunhã-Poranga do meu Boi /  / Eh, meu povo / Vem pra ver de novo / A Cunhã-Poranga do meu Boi /  / Ela vem chegando / Dançando,",,
cunhã-poranga,Caprichoso,Cunhã Poranga Yaci,"om a leveza da garça morena / E sutileza da felina mulher / Seu corpo tez de mormaço / Suor e emoção /  / Vem cunhã-poranga dançar / (Girando no lindo bailado) / Cunhã-poranga yaci / Desliza teus passos no chão / (Dança, dança, dan",,
cunhã-poranga,Caprichoso,Cunhã: A Criatura de Tupã,Bem viram os olhos da tribo / E lhes concederam / Cunhã-poranga! /  / Cheirosa flor do mato que tupã benzeu / Te criou com sutileza / Cheirosa flor do mato que tupã benzeu,,
cunhã-poranga,Caprichoso,Morena Cunhã,Cunhã Poranga! / Mostra tua dança e o teu grito de guerra / És o encanto da minha galera / Mostra tua dança e o teu gri,,
cunhã-poranga,Caprichoso,Bailado de Bailarina,"dessa dança / É nesse vai, nesse vai e vem / Eu quero ir e você vem também / Embarco na tua alegria, uôu /  / Cunhã Poranga teu olhar me faz criança / Tua magia me encanta nessa dança / Morena linda teu gingado é remexer / É reme",,
cunhã-poranga,Caprichoso,Boi de Rua,"ndarte passar / Chega meu amo tira seus versos / Chama meu boi / Vem a rainha do folclore popular / Chega a cunhã poranga / A índia guerreira dos tupinambá /  / Brinca boi de rua / Boi, boi, boi de rua / Entra na roda vaqueiro / E ve",,
cunhã-poranga,Caprichoso,Guerreira da Mística Aldeia," meu / A floresta é palco da nação / Nessa arena quem manda sou eu /  / Linda morena / Bela da mística aldeia / Cunhã-Poranga, sua flecha certeira / O teu sorriso é a natureza / Seu olhos refletem a luz do luar / No canto forte da ",,
cunhã-poranga,Caprichoso,"Maria, a Deusa Tupinambá","pra guerra / Pele pintada pra dança, pra guerra / Pele pintada! / Poranga cunhã (hey) / Poranga cunhã (hey) / Cunhã poranga /  / Vem! Índia guerreira de pele morena / A deusa tribal adornada de penas / A marca, o traço, a pintura p",,
cunhã-poranga,Caprichoso,A Árvore Ancestral,"am afluentes e igarapés / As folhas transformaram-se em sapos / E de uma flor nasceu, Tetchi / A primeira Cunhã-poranga /  / E a cunhã Tetchi pescou os peixes / que se tornaram gente / Uns caminharam para aurora / outros rumaram ",,
cunhã-poranga,Caprichoso,Canto Caprichoso, / E grito à minha tribo / Que eu sou do Caprichoso /  / Eu trago meu bailado no meu passo meu gingado / E na cunhã-poranga meu desejo enrolado / Eu mostro para o mundo / O meu canto Caprichoso / Ao som da Marujada / Eu me sinto or,,
cunhã-poranga,Caprichoso,Doce Cunhã,Cunhã-poranga mulher guerreira / Índia mais bela do meu boi /  / Como a brisa deslizando na candura das manhãs / Dentre t,,
cunhã-poranga,Caprichoso,Brincando de Boi-bumbá,cisco e Catirina / Todas as tribos na arena vêm dançando / Porta-estandarte chega tremulando o pavilhão / Cunhã-poranga dança e canta pro amor fluir / O som da Marujada forte ressoou / Explode a galera e vibra com emoção / Ve,,
cunhã-poranga,Caprichoso,Cunhã Tupinambá,e seduz / Teu sorriso me acalma / Teu bailado é comparado / Com as curvas do rio mar banhado pelas águas /  / Cunhã-poranga do boi Caprichoso / Gira bailando ao som do tambor / És uma jóia de traços divinos / Que os deuses declam,,
cunhã-poranga,Caprichoso,Cunhã-Poranga 99,Cunhã Poranga do meu boi / Nativa dos tupinambás /  / Minha galera azul e branca / Está em festa / É festa de bumbá / Linda m,,
cunhã-poranga,Caprichoso,Encanto de Um Povo,"vem ela / Que coisa mais linda / Beleza mais rara / Do meu Boi-bumbá /  / Sorriso maneiro, bailado faceiro / Da Cunhã-poranga / Encanto que encanta / Nascido no seio dos Tupinambás /  / Ê, lá vem ela / Que coisa mais linda / Beleza mais ",,
cunhã-poranga,Caprichoso,Flor da Aldeia,mo noite de estrelas / No auge de esplendor /  / Lá vêm ela ostentando a cor azul / Adornada de beleza viva / Cunhã poranga o teu olhar me enfeitiçou / Ar de cheiro intenso que me conquistou / Teu bailado lindo em cena faz sonh,,
cunhã-poranga,Caprichoso,Caxiromba,"mo a emoção de um eterno chegar / É como essa gíria que eu vou te ensinar /  / Curumim Sateré, Yaci Uaruá / Cunhã-Poranga e florear / É como bebida a embriagar / Caxiromba çapo, caxiri tarubá /  / Caprichoso olê-lê-lê / Caprichoso ",,
cunhã-poranga,Caprichoso,Cunhã-Poranga 92,"Ê meu povo! / A Cunhã-Poranga do boi / Acabou de chegar, êi, êi, êi /  / Ê meu povo! / A Cunhã-Poranga do boi / Acabou de chegar /  / Sua belez",,
cunhã-poranga,Caprichoso,É Tempo de Boi,ha / Quem faz é o meu boi-bumbá /  / Caprichoso chegou / Fazendo a galera vibrar / Com sua linda marujada / E a Cunhã-Poranga a bailar /  / A atração é o Boi Caprichoso / A festa vai começar /  / A atração é o Boi Caprichoso / A festa va,,
cunhã-poranga,Caprichoso,Linda Menina,Linda menina / Meu povo te chama de Cunhã-Poranga / Meu coração descompassa / Quando você passa / Vem me conquistar /  / Linda menina / Meu povo te chama de Cunh,,
cunhã-poranga,Caprichoso,Soberana Cunhã,"om a leveza da garça morena / E sutileza da felina mulher / Seu corpo tez de mormaço / Suor e emoção /  / Vem cunhã-poranga dançar / (Girando no lindo bailado) / Cunhã-poranga iacy / Desliza teus passos no chão /  / (Dança, dança, da",,
cunhã-poranga,Garantido,Aiyra Ibi Cunhã," / Onça-pintada, deusa das matas, a terra fez assim / Pele encarnada, alma de arara, firma teu voo aqui / Cunhã-poranga da nação vermelha Parintintin / Viva teu povo, reluz o novo, a glória te faz feliz /  / Cunhã Poranga, Cu",,
cunhã-poranga,Garantido,Cunhã Poranga da Pele Vermelha,"Vamos festejar o Dabacuri na aldeia! / Cunhã Poranga da pele vermelha! / Vamos festejar o Dabacuri na aldeia! / Oh, oh, oh, oh Cunhã Poranga! /  / Chegou a bela",,
cunhã-poranga,Garantido,Isa-a-Bela,"reira / ISA-A-BELA, ISA-A-BELA da Aldeia / ISA-A-BELA, ISA-A-BELA Guerreira / Isabelle, Isabelle Nogueira / Cunhã-Poranga ISA-A-BELA /  / O rubro Sol da noite / Reverenciado pelo povo vermelho / É racionalidade à diversidade amaz",,
cunhã-poranga,Garantido,Deusa Cunhã,"rópria encarnação cunhã da glória de mulher /  / Dança, deusa cunhã, exuberante rainha / Dança guerreira, cunhã poranga da nação vermelha",,
cunhã-poranga,Garantido,Nobre Guerreira," / Do meu povo milenar / Traz cinge no peito a vitória / Dessa raça popular / Nobre guerreira musa primeira / Cunhã poranga do meu boi /  / Cunhã poranga. cunhã poranga / Cunhã poranga, nobre guerreira, / Cunhã poranga do meu boi",,
cunhã-poranga,Garantido,Deusa Das Cunhãs," do luar / A beleza e a forma bela de dançar / Sua pureza é essência de um vermelho êxtase /  / Exuberante (Cunhã-poranga!) / Seu sorriso faz feliz meu coração / Seu olhar seduz a multidão / Encantadora deusa das cunhãs /  / Dança,",,
cunhã-poranga,Garantido,Guerreira Cunhã,"ya, ha-hey) / (Hey) / Hê-ê-ê-ê, hey, hey / Guerreira cunhã! /  / Flautas ecoam / Tambores que troam / Pra receber cunhã-poranga / Guerreira tribal! /  / (Heya, heya, heya, heya!) /  / Traz a pintura no corpo de índia / Adorno de pena, more",,
cunhã-poranga,Garantido,Cidade de Lindolfo,"alanço da toada / A galera se levanta cantando alto / Todo mundo se encanta /  / Tem Alvorada, a vaqueirada / Cunhã-poranga, musa do compositor / A sinhazinha, catirina, pai Francisco / Mestre Chico tira língua – desejo do seu ",,
cunhã-poranga,Garantido,Quando Honorato Lutou Com Caninana,"çou! / Caninana como fêmea lutou! / Mas Tupà interferiu / E da cobra então surgiu / A Cunhã, a bela mulher! / Cunhã Poranga como a paz a dançar! /  / Todo o povo a cantar / Cunhã Poranga vai chegar! / É Caninana! É Caninana!",,
cunhã-poranga,Garantido,Bela Tupinambá,"eno, me enlouquecendo /  / Brincadeira de criança / Nasceu minha paixão / Mulher guerreira, bela tupinambá /  / Cunhã Poranga / O teu bailado gingado dançando na arena / No toque do meu coração / Vem no compasso vermelho / Vibrando c",,
cunhã-poranga,Garantido,Índia guerreira,"Ouvi, ouvi, hei, hei, hei / O grito da tribo ecoando no ar hei, hei, hei / É da cunhã poranga, hei, hei, hei, / Que acabou de chegar / Sua pele morena, sua tanga de pena / Traz na cabeça seu lindo co",,
cunhã-poranga,Garantido,Sou encarnado,"a floresta / Pra brincar lá na fazenda / Pra brincar lá na campina / Sou encarnado, sou encarnado, eu sou / Cunhã Poranga pinta pele de urucum / Pra dançar na sua tribo com o corpo lindo nu / O índio-chefe com poder esse rein",,
cunhã-poranga,Garantido,Cunhatã da Baixa,Cunhatã de Parintins / De Manaus e do Brasil / Com um sonho e ambição / De ser a Cunhã-Poranga / Ou Rainha do meu boi do coração /  / Carregar o estandarte e / Também fazer a arte da sinhá / Com seu borda,,
cunhã-poranga,Garantido,Rainha dos Tupinambás,"nto no ar / Hei, hei, hei / Saudando a índia guerreira / Morena faceira do meu boi bumbá / Êo, êo, êo, êa / A cunhã poranga acabou de chegar / Êo, êo, êo, êa / É a rainha dos Tupinambás",,
cunhã-poranga,Garantido,Rainha Morena,"infinito reluz la no céu /  / Lá vem ela bailando,sorrindo, encantando / E traz na cabeça um belo cocar / A cunhã poranga inspira poesia / E o povo da ilha vai lhe exaltar",,
cunhã-poranga,Garantido,Rosa Vermelha,"Felicidade, / É viver essa paixão / Esperei o ano inteiro / É provei que é verdadeiro  / Meu amor por você /  / Cunhã-Poranga / Índia guerreira vermelha e branca / O povo do Garantido te ama / Tua dança faz feliz minha nação /  / Cunhã",,
cunhã-poranga,Garantido,Lamento Amerindio,"ltura / A razão da sua vida / É o índio a clamar, Kaiapó / No ritual milenar dança o velho guerreiro / Traz cunhã poranga, teu belo gingado / Tradição que o tempo jamais esqueceu / Yanomami, a chorar / Heia, heia, heiá / Erauê, A",,
tuxaua,Caprichoso,Dança Dos Tuxauas,"ar / Heya, hey / Heya, hey / Munduçara a marchar / Heya, hey / Heya, hey /  / As tribos reverenciam / A chegada dos tuxauas / Tuxauas /  / Líder, o chefe, o mestre, peara / Donos das terras, conselho das guerras / Fala, ensina o cont",,
tuxaua,Caprichoso,Maracás do Rio Negro," de arara no cocar / Navega a noiva / No altar da samambaia vai casar / Cuias de chibé, rodadas de rapé / O tuxaua veste o manto dos Barés / Casamento intertribal /  / A fumaça anuncia",,
tuxaua,Caprichoso,Ferrão de Fogo,"bração ritual Sateré / Cantos, danças, choro e pajelança / Nas mãos o ferrão, a dor, ponta de lança / Dos tuxauas o conselho do pajé a coragem / O jovem lagarta de fogo / Enfrenta o destino, a passagem /  / Paraponera, (h",,
tuxaua,Caprichoso,Paixão de Uma Nação,"a ir no ensaio do meu boi / Na festa do meu boi, da vitória do meu boi /  / Eu carreguei o mais lindo dos tuxauas / Recortei estrelas, bandeirolas / Eu sou cantor / Fui um pouco de tudo isso / Sei um pouco de tudo que for",,
tuxaua,Caprichoso,Fibras de Arumã,"a atirada no tempo / Uiaperiá, Uiaperiá, Uiaperiá, Uiaperiá / Uiaperiá /  / Da cultura, o teu mandamento / Do tuxaua, os ensinamentos / Imune aos desgastes do tempo / Em memória dos seus ancestrais / Uiaperiá /  / Tucandeira, ",,
tuxaua,Caprichoso,Tuxauas – Herdeiros de Xibelão,"(Tuxaua, Tuxaua!) / Tuxaua! / Os povos / Todos preparados pra chegada / Dos chefes morubixabas / Os clãs / Todos reunid",,
tuxaua,Caprichoso,Serpente Dinahí," despertou /  / Manaó, manaó, Dinahí / Guerreira cunhã / Cunhã, kunã, kina hê / A libertação /  / Kauna, o grande tuxaua ordenou / A caçada à guerreira / Na mata adentrou / Os bravos guerreiros / O ataque certeiro / Com a força de",,
tuxaua,Caprichoso,Poranduba," bicho / Tradição festejada de geração em geração /  / Quem contou, quem contou foi Griot / Quem contou foi Tuxaua, contou / Quem contou foi caboclo Caprichoso / (Em forma de versos ao som do tambor) /  / Foi Adolfo Lourid",,
tuxaua,Caprichoso,Tribálica,"essam o céu / o troar dos tambores da guerra /  / na maloca dos cantos , na morada das almas / dos bravos , tuxauas e chefes / dos penachos errantes , das pinturas no rosto / cantai velhos pajés /  / canta o grande guerreir",,
tuxaua,Caprichoso,Rito Saterê,sagradas / No rio de fé - Saterê Maué / A nação Maué Saterê (Bis) / No ritual da iniciação (Bis) /  / O chefe tuxaua traz o curumim / Enfeita o terreiro pra celebração / As mãos do menino entreguem ao ferrão / Ao som do ia,,
tuxaua,Caprichoso,O Tambor da Terra," há-há, ôh) canta! / (Hey há-há, hey há-há, hey, há-há, ôh) oi! / Hey há-há, hey há-há, hey, há-há, ôh /  / Tuxauas, trocanos, torés, pajés! / (Pajés! Pajés!) Pajés! /  / (Hey-há, hey-há, hey-há, hey-há, hey) /  / Toquem os t",,
tuxaua,Caprichoso,Tuiçaua – a Dança Das Morubixabas,"a que vem da nação / Arquibancada na palma da mão /  / Pra dança das Morubixabas / (Aaaah-aaabas, ah-ah-ah) / Tuxaua, Tuxaua, Tuxaua, Tuxaua, Tuxaua, Tuxaua /  / Pra dança das Morubixabas / (Aaaah-aaabas, ah-ah-ah) / Tuxaua,",,
tuxaua,Caprichoso,Tambores dos Mortos,"car / O cantador das almas em transe ele vem / Chamando as tribos do mundo do além / Celebrando os chefes tuxauas / Guerreiros do tempo, os grandes guardiões /  / Aqueles sepultados nas eras / Levantam e dançam de suas mo",,
tuxaua,Caprichoso,Torés,"HUMA-HEI-HUMA-HÁ /  / EHAY-EHAY-Tupãna / EHAY-EHAY-Tupãna /  / A flauta do legislador, ""chamou"" / A cantiga dos tuxauas / Acordam os Torés, do Amazonas, do Solimões /  / Saia do hnte / Que o grande Ajuricaba vai passar / Sai do f",,
tuxaua,Caprichoso,Aiuri-Caua,"irá /  / (Ah, ah, ah, ah) /  / Guerreiros saindo da lama / Rezadores, Mõrat, o veneno / Machado de pedra afiado / Tuxauas mortos de guerra / Erguendo-se aqui / Na escuridão daquela noite / Paituna, Manuçawa / O brado libertário e",,
tuxaua,Caprichoso,Cultura Que Resiste, /  / Pelas mãos de amor fitas de seda a produzir / Belos vestidos pra sinhá / No passo marcante do afamado tuxaua / Na antiga cidade a dançar em vielas e terreiros /  / Meu brinquedo / Caprichoso esculpido em paixão / Feito,,
tuxaua,Caprichoso,Solo Amado,te e Nordeste / É personagem campestre /  / Vive de sela e de corda / Dorme e se acorda / Na Alvorada celeste / Tuxauas e suas tribos / Do berço pátrio dos Parintintin /  / Conservaram esse solo amado / Com puro amor decantado / ,,
tuxaua,Caprichoso,Iaru E Ceuci,Ceuci das flores azuis / Perfume da noite / O som da cascata / Lágrimas de fogo / Brilho da luuuuuuuuuz... /  / Tuxaua moço não escolhia cunhã / Ceíma que encontrava / Com ela deitava / Tempo de caça no centro da ilha / Iaru v,,
tuxaua,Garantido,Dinahi, / Assim como Ajuricaba / Tornou-se heroína imortal / Temida pelos inimigos / Traída pelo destino / Quisera o Tuxaua Kauna afogar / Mais os peixes vieram salvá-la / E sobre a vereda do intenso luar / Tupã consagrou a princ,,
tuxaua,Garantido,Libertárias Guerreiras,"tadas em bichos do fundo do rio / Para combater o anhangá kariwa / Espírito mau da destruição /  / A grande tuxaua Conori Puyara / Comanda o combate no Paranatinga / Para expulsar o inimigo invasor /  / As Ycamiabas, bonit",,
tuxaua,Garantido,"Maracanandé, o Coração da Terra", a dançar /  / Maracanandé (maracanandé) / Maracanandé / Maracanandé (maracanandé) / Maracanandé / Maracanandé /  / Tuxauas comandam a dança / Entre Luas de festa tribal / O sereno se une ao suor / E saciam a sede da nossa Terra ,,
tuxaua,Garantido,Maroaga,"No meio da aldeia o clã canibal / Sua história culmina na celebração / De um ritual / Oh, Maroaga, grande Tuxaua / De suas tabas vem o grito da nação / Pavor na mata choro nos rios / Ventos na relva sobre a devastação / ",,
tuxaua,Garantido,Baiás do Círculo Sagrado,"Mira maiê, mira maiê, mira maiê ce amú / Mira maiê, mira maiê, mira maiê ce amú - Baiá /  / Tuxauas tocam tamurás / Convocam as tribos pra dançar / Espíritos purificam o terreiro - para os Baiás / A dança ",,
tuxaua,Garantido,Eldorado (O Ritual),"vista com os olhos da alma / No coração da Amazônia reluz dourada /  / Eldorado! / O índio vestido de sol / O tuxaua vestido de sol / O pajé vestido de sol / Sipán! Sipán! /  / ""Meu maracá desperta a magia do canto e da danç",,
tuxaua,Garantido,Tuxauas,"Somos descendentes de Tupã / Somos a cultura amerínidia / Somos a Amazônia do amanhã / Somos tuxauas e morubixabas /  / Somos a resistência dos ancestrais / Somos o brado do Curupira / Somos a utopia, a harmo",,
tuxaua,Garantido,Bravos Tuxauas," / Maroaga altivo e guerreiro / Indomável nas guerras / Maroaga, chefe guerreiro / Brado do meu chão / (Dança Tuxaua) /  / (Hei-ha-aêa-hei) / (Hei-ha-aêa-hei) / (Hei-ha-aêa-hei) / (Hei, hei) / (3x) /  / Cunhambebe teu manto sagrado / ",,
tuxaua,Garantido,Senhor Das Águas," a se amalgamar /  / É guerra! / (A deusa Uaipê, com os olhos a encandear) / Dispara, dispara suas flechas / (Tuxauas se engeram em seres aquáticos:) / São botos, serpentes, arraias / Teperesik e sua legião expulsam os ka",,
tuxaua,Garantido,Tuxauas de Abiayala,"Toquem tambores, toquem tambores tribais / Tuxauas! Tuxauas! /  / Toquem tambores, toquem tambores tribais / Tuxauas! Tuxauas! /  / Invoquem os ancestrais, fogu",,
tuxaua,Garantido,Etnias,"Etnias (etnias!), etnias (etnias!) /  / Pulsem os tambores do tempo / Da resistência e da vida / O poder do tuxaua, a cura do pajé / A arte, a fala, a fé /  / Pulsem os tambores da terra / No folclore de Parintins / Pulsem o",,
tuxaua,Garantido,"Muraida, o Triunfo da Flecha","as flautas que falam navegam no vento, / Percorrendo matas, Igapós é Aningal, / Leva a mensagem do Mura tuxaua flecheiro, / Convoca os guerreiros para o ritual /  / Serpenteiam rios, lagos é igarapés / Tenazes canoeiro",,
tuxaua,Garantido,Odoshas,"as / O velho pajé é quem te guiará / Aos mil temporais faz o tempo parar / Pro pajé Wañadi vir consagrar, tuxauas! / E aos males silenciará! /  / O mundo invisível em caos se desfaz / Pajé vence o mal, Cajushawas / Na fúria",,
tuxaua,Garantido,Peles Vermelhas do Brasil,"ontada /  / Sou a maloca dos povos, a seiva da vida / Sou o som dos tambores, maracás e flautas /  / Todos os tuxauas reunidos / Celebrando o grande Dabacuri / Todas as tribos reunidas / NoDabacuri, Dabacuri, Dabacuri /  / Vamo",,
