forma_canonica,variantes,origem_etimologica,estatuto_referencial,dominio_eixo2,tier,subtipo_entidade,freq_token_total,freq_token_caprichoso,freq_token_garantido,freq_doc_total,freq_doc_caprichoso,freq_doc_garantido,nota
pajé,pajé;paje,Tupi/Nheengatu,lexema comum / item oficial do Festival,"Ritual, cura e cosmologia",nucleo,,529,304,225,160,83,77,CONFUNDIDOR INSTITUCIONAL: tambem item oficial avaliado no Festival; nao segregado automaticamente (ver limitacoes)
cunhã (isolado),cunhã;cunha,Tupi/Nheengatu,lexema comum / item oficial quando parte de Cunhã-Poranga,"Personagens, identidades e papéis sociais",nucleo,,166,103,63,73,36,37,"excluidas ocorrencias que fazem parte de ""cunhã-poranga"" (contadas separadamente como unidade)"
cunhã-poranga (unidade),cunhã-poranga;cunha poranga,Tupi/Nheengatu,expressão multipalavra / item oficial do Festival,"Personagens, identidades e papéis sociais",nucleo,,136,89,47,41,24,17,CONFUNDIDOR INSTITUCIONAL: item oficial avaliado no Festival
poranga (isolado),poranga,Tupi/Nheengatu,lexema comum / qualificativo,"Personagens, identidades e papéis sociais",nucleo,,13,12,1,5,4,1,"excluidas ocorrencias de ""cunhã-poranga"" (contadas separadamente)"
tuxaua,tuxaua,Tupi/Nheengatu,"lexema comum / item oficial coletivo (""Tuxauas"")","Personagens, identidades e papéis sociais",nucleo,,119,74,45,32,18,14,"CONFUNDIDOR INSTITUCIONAL: ""Tuxauas"" e item oficial coletivo do Festival"
tupã,tupã;tupa,Tupi/Nheengatu,entidade nomeada,"Ritual, cura e cosmologia",nucleo,divindade / ser cosmológico,120,71,49,81,46,35,nao generalizar como divindade comum a todos os povos indigenas
curumim,curumim,Tupi/Nheengatu,lexema comum,"Personagens, identidades e papéis sociais",nucleo,,62,41,21,50,32,18,
maracá,maracá;maraca,Tupi/Nheengatu,lexema comum,"Cultura material e artefatos / Ritual, cura e cosmologia",nucleo,,113,74,39,67,34,33,multirrotulo: artefato + funcao ritual
sacaca,sacaca,Tupi/Nheengatu,lexema comum,"Ritual, cura e cosmologia",nucleo,,26,12,14,12,8,4,
pajelança,pajelança;pajelanca,Tupi/Nheengatu,lexema comum,"Ritual, cura e cosmologia",nucleo,,70,52,18,32,23,9,
taba,taba,Tupi/Nheengatu,lexema comum,"Paisagem, território, assentamento e organização social",nucleo,,37,23,14,34,21,13,"reclassificado de ""cultura material"" (taba = assentamento, nao artefato)"
arumã,arumã;aruma,Tupi/Nheengatu,lexema comum,Flora,nucleo,,9,4,5,8,3,5,
muiraquitã,muiraquitã,Tupi/Nheengatu,lexema comum,Cultura material e artefatos,nucleo,,19,5,14,11,4,7,
igarapé,igarapé;igarape,Tupi/Nheengatu,lexema comum,"Paisagem, ecossistemas e hidrografia",nucleo,,32,15,17,25,12,13,
kariwa,kariwa;cariua,Tupi/Nheengatu,lexema comum,"Personagens, identidades e papéis sociais",nucleo,,56,8,48,18,5,13,
curupira,curupira,Tupi/Nheengatu,entidade nomeada,Entidades míticas e encantados,nucleo,entidade narrativa/encantado,47,25,22,24,15,9,"origem corrigida de ""portugues regionalizado"" para Tupi/Nheengatu"
boiúna,boiúna;boiuna,Tupi/Nheengatu,entidade nomeada,Entidades míticas e encantados,nucleo,entidade narrativa/encantado,41,26,15,27,15,12,"origem corrigida para Tupi/Nheengatu; sinonimo de cobra grande, mas mantido como forma canonica distinta"
boiaçu,boiaçu;boiacu,Tupi/Nheengatu,entidade nomeada,Entidades míticas e encantados,nucleo,entidade narrativa/encantado,2,2,0,2,2,0,origem corrigida para Tupi/Nheengatu
"cobra grande (mítica, adjudicada)",cobra;cobras;cobra grande;cobra-grande,Português regionalizado amazônico,entidade nomeada,Entidades míticas e encantados,nucleo,entidade narrativa/encantado,104,69,35,53,30,23,"contagem = apenas ocorrencias de ""cobra"" classificadas como miticas por dois LLMs e adjudicadas pelos autores (kappa entre modelos=0.136; 91.2% miticas apos adjudicacao). Ver annotations/cobra/"
anhangá,anhangá;anhanga,Tupi/Nheengatu,entidade nomeada,"Ritual, cura e cosmologia",nucleo,espírito / força cosmológica,27,10,17,15,7,8,
jurupari,jurupari,Tupi/Nheengatu,entidade nomeada,"Ritual, cura e cosmologia / Entidades míticas",nucleo,contextual: entidade/ancestral/complexo ritual (nao resolvido por toada),30,10,20,20,10,10,polissemico; anotacao contextual completa fica para trabalho futuro (fora do escopo do prazo)
mapinguari,mapinguari,indígena (etimologia a confirmar),entidade nomeada,Entidades míticas e encantados,nucleo,entidade narrativa/encantado,42,11,31,9,3,6,origem etimologica precisa nao confirmada em fonte especifica
iara,iara;uiara;yara,Tupi/Nheengatu,entidade nomeada,Entidades míticas e encantados,nucleo,entidade narrativa/encantado,58,16,42,27,16,11,
boitatá,boitatá;boitata,Tupi/Nheengatu,entidade nomeada,Entidades míticas e encantados,nucleo,entidade narrativa/encantado,11,11,0,4,4,0,
caipora,caipora,Tupi/Nheengatu,entidade nomeada,Entidades míticas e encantados,nucleo,entidade narrativa/encantado,7,3,4,7,3,4,
matinta perera (unidade),matinta perera;matinta-pereira;matintaperêra,Português regionalizado amazônico,expressão multipalavra / entidade nomeada,Entidades míticas e encantados,nucleo,entidade narrativa/encantado,4,0,4,2,0,2,
matinta (isolado),matinta,Português regionalizado amazônico,lexema comum,Entidades míticas e encantados,nucleo,entidade narrativa/encantado,17,6,11,7,6,1,"excluidas ocorrencias de ""matinta perera"" (contadas separadamente)"
cobra norato/honorato (unidade),cobra norato;cobra honorato;homem-cobra honorato,Português regionalizado amazônico,expressão multipalavra / entidade nomeada,Entidades míticas e encantados,nucleo,entidade narrativa/encantado,7,3,4,2,1,1,"lenda especifica, distinta de cobra grande generica"
tupinambá,tupinambá;tupinamba,Etnônimo,etnônimo,Povos e etnônimos,nucleo,,118,82,36,72,44,28,
sateré (isolado),sateré;satere,Etnônimo,etnônimo,Povos e etnônimos,nucleo,,34,13,21,18,7,11,"excluidas ocorrencias de ""Sateré-Mawé"" (contadas separadamente como unidade)"
mawé (isolado),mawé;mawe,Etnônimo,etnônimo,Povos e etnônimos,nucleo,,31,17,14,16,9,7,"excluidas ocorrencias de ""Sateré-Mawé"" (contadas separadamente)"
sateré-mawé (unidade),sateré-mawé;satere mawe,Etnônimo,expressão multipalavra / etnônimo,Povos e etnônimos,nucleo,,53,18,35,24,7,17,
yanomami,yanomami,Etnônimo,etnônimo,Povos e etnônimos,nucleo,,75,53,22,28,16,12,
parintintin,parintintin,Etnônimo,etnônimo,Povos e etnônimos,nucleo,,118,75,43,66,37,29,"CUIDADO: distinto de ""parintins"" (toponimo) - correspondencia exata de palavra, sem stemming"
mura,mura,Etnônimo,etnônimo (validação contextual),Povos e etnônimos,nucleo,,41,27,14,18,11,7,validacao contextual completa nao realizada (fora do escopo do prazo)
igapó,igapó;igapo,Tupi/Nheengatu,lexema comum,"Paisagem, ecossistemas e hidrografia",nucleo,,17,11,6,16,10,6,origem corrigida para Tupi/Nheengatu
beiradão,beiradão;beiradao,Português regionalizado amazônico,lexema comum,"Paisagem, ecossistemas e hidrografia",nucleo,,19,10,9,13,7,6,mais marcado regionalmente que barranco/remanso; nucleo condicional a uso ribeirinho
paranã,paranã;parana,Tupi/Nheengatu,lexema comum,"Paisagem, ecossistemas e hidrografia",nucleo,,4,4,0,2,2,0,
tupinambarana,tupinambarana,Topônimo,topônimo,Toponímia e hidronímia,nucleo,,29,20,9,20,13,7,
javari,javari,Topônimo,topônimo (validação contextual),Toponímia e hidronímia,nucleo,,17,14,3,6,3,3,validacao contextual completa nao realizada (fora do escopo do prazo)
andirá,andirá;andira,Topônimo,topônimo (validação contextual),Toponímia e hidronímia,nucleo,,49,23,26,27,10,17,"pode ser rio, territorio ou parte de outro nome proprio; validacao contextual completa fora do escopo"
vitória-régia (unidade),vitória-régia;vitoria regia,Português (denominação regional),expressão multipalavra,Flora / Entidades míticas (conforme contexto),nucleo,,6,5,1,4,3,1,"movido de ampliado para nucleo; forma canonica corrigida para ""vitoria-regia""; pode ser flora ou referencia a lenda"
pirarucu,pirarucu,Tupi/Nheengatu,lexema comum,Fauna,nucleo,,4,2,2,4,2,2,movido de ampliado para nucleo (referente faunistico fortemente especifico da Amazonia)
tucupi,tucupi,Tupi/Nheengatu,lexema comum,"Alimentação, subsistência e extrativismo",nucleo,,14,7,7,13,6,7,movido de ampliado para nucleo
tipiti,tipiti,Tupi/Nheengatu,lexema comum,Cultura material e artefatos,nucleo,,10,5,5,9,4,5,movido de ampliado para nucleo
parintins,parintins,Topônimo,topônimo (autorreferencial),Toponímia e hidronímia,controle_toponimico,,277,137,140,163,80,83,"quase tautologico (corpus e inteiramente do Festival de Parintins); reportar como subindice separado, com e sem este termo"
amazônia,amazônia;amazônico,Português regionalizado amazônico,topônimo/bioma (autorreferencial),Toponímia e hidronímia,controle_toponimico,,343,187,156,169,79,90,"separado de ""amazonas""; quase tautologico"
amazonas,amazonas,Topônimo,topônimo (autorreferencial),Toponímia e hidronímia,controle_toponimico,,147,91,56,69,38,31,"separado de ""amazonia""; quase tautologico"
xamã,xamã;xama,Antropológico/globalizado,lexema comum,"Ritual, cura e cosmologia",ampliado,,128,44,84,64,29,35,"tratado separadamente de ""paje""; indicador potencial de mudanca discursiva ao longo das decadas"
caboclo,caboclo;caboclos;cabocla,Português regionalizado amazônico,lexema comum (identitário),"Personagens, identidades e papéis sociais",ampliado,,434,255,179,240,132,108,central para identidade amazonica mas nao exclusiva; interpretar com cautela
ribeirinho,ribeirinho,Português regionalizado amazônico,lexema comum,"Personagens, identidades e papéis sociais",ampliado,,35,18,17,24,12,12,
seringueiro,seringueiro,Português regionalizado amazônico,lexema comum,"Personagens, identidades e papéis sociais",ampliado,,22,15,7,7,3,4,
tapuio,tapuio,Tupi/Nheengatu,lexema comum (identitário),"Personagens, identidades e papéis sociais",ampliado,,1,0,1,1,0,1,"origem corrigida para Tupi; carga historica/identitaria variavel, possiveis usos pejorativos"
onça,onça;onca,Domínio amplo (não exclusivo),lexema comum,Fauna,ampliado,,68,32,36,51,24,27,
jacaré,jacaré;jacare,Tupi/Nheengatu,lexema comum,Fauna,ampliado,,48,38,10,22,13,9,origem corrigida para Tupi/Nheengatu; nao exclusiva da amazonia por isso mantido em ampliado
boto (animal),boto,Português regionalizado amazônico,lexema comum,Fauna,ampliado,,55,32,23,38,21,17,"excluidas ocorrencias de ""boto encantado""/""homem-boto"" (ver nucleo); split parcial - nomes proprios como ""Boto Malino""/""Boto Tucuxi"" nao foram separados automaticamente (limitacao)"
boto encantado (unidade),boto encantado;homem-boto,Português regionalizado amazônico,expressão multipalavra / entidade nomeada,Entidades míticas e encantados,nucleo,entidade narrativa/encantado,1,0,1,1,0,1,"split parcial de ""boto"" (ver nota em boto-animal)"
arara,arara,Tupi/Nheengatu,lexema comum,Fauna,ampliado,,27,13,14,18,10,8,origem corrigida para Tupi/Nheengatu
sucuri,sucuri;sucurijú,Tupi/Nheengatu,lexema comum,Fauna,ampliado,,14,7,7,12,7,5,origem corrigida para Tupi/Nheengatu
tucano,tucano,Tupi/Nheengatu,lexema comum,Fauna,ampliado,,3,1,2,3,1,2,origem corrigida para Tupi/Nheengatu
guaraná,guaraná;guarana,Tupi/Nheengatu,lexema comum,Flora / Alimentação e extrativismo,ampliado,,15,8,7,14,7,7,origem corrigida para Tupi/Nheengatu; multirrotulo flora+economia
açaí,açaí;acai,Tupi/Nheengatu,lexema comum,Flora / Alimentação e extrativismo,ampliado,,18,11,7,17,10,7,origem corrigida para Tupi/Nheengatu
seringueira,seringueira,Português regionalizado amazônico,lexema comum,Flora,ampliado,,3,2,1,2,1,1,
castanheira,castanheira,Português regionalizado amazônico,lexema comum (ambíguo),Flora,ampliado,,4,2,2,4,2,2,"forma isolada e generica; ideal seria contar so ""castanheira-do-para"" (nao verificado)"
mandioca,mandioca;macaxeira,Tupi/Tupinambá,lexema comum,"Alimentação, subsistência e extrativismo",ampliado,,13,6,7,8,4,4,origem corrigida para Tupi/Tupinambá; mantido ampliado por difusao pan-brasileira
canoa,canoa,Origem indígena americana / empréstimo antigo (a confirmar),lexema comum,Cultura material e artefatos,ampliado,,66,44,22,52,35,17,"origem corrigida: termo pan-americano de uso geral no portugues, nao ""portugues regionalizado amazonico"""
maloca,maloca;oca,Indígena (etimologia a confirmar),lexema comum,Cultura material e artefatos,ampliado,,35,14,21,27,11,16,"origem corrigida: pan-indigena, nao exclusivamente Tupi/Nheengatu"
cocar,cocar,Português / empréstimo europeu,lexema comum,Cultura material e artefatos,ampliado,,10,5,5,10,5,5,"CORRECAO IMPORTANTE: nao e de origem indigena, ao contrario do que constava na v1"
encantaria,encantaria,Português regionalizado amazônico,categoria cosmológica (não é entidade),"Ritual, cura e cosmologia",ampliado,,27,19,8,16,10,6,
várzea,várzea;varzea,Português de uso geral (sentido ecológico regional no contexto),lexema comum,"Paisagem, ecossistemas e hidrografia",ampliado,,22,12,10,16,8,8,"movido de nucleo para ampliado (termo de uso geomorfologico amplo, nao exclusivo)"
remanso,remanso,Português de uso geral,lexema comum,"Paisagem, ecossistemas e hidrografia",ampliado,,22,12,10,21,12,9,movido de nucleo para ampliado
barranco,barranco,Português de uso geral,lexema comum,"Paisagem, ecossistemas e hidrografia",ampliado,,30,21,9,22,14,8,movido de nucleo para ampliado
furo,furo,Português de uso geral (acepção hidrográfica regional),lexema comum (ambíguo),"Paisagem, ecossistemas e hidrografia",ampliado,,11,9,2,11,9,2,movido de nucleo para ampliado; contar como feicao hidrografica so com contexto de rio/lago/canal
pescador,pescador,Português de uso geral,lexema comum genérico,"Personagens, identidades e papéis sociais",excluido_generico,,88,52,36,32,17,15,termo generico demais para indicador lexical autonomo de regionalismo
farinha,farinha,Português de uso geral,lexema comum genérico,"Alimentação, subsistência e extrativismo",excluido_generico,,39,27,12,20,10,10,"generico; contar so em ""farinha d’agua""/""farinha de mandioca"" (nao verificado)"
flecha,flecha;flechas,Português de uso geral,lexema comum genérico,Cultura material e artefatos,excluido_generico,,144,88,56,116,67,49,"vocabulo pan-cultural, alto risco de falso positivo metaforico"
cura,cura,Português de uso geral,lexema comum genérico,"Ritual, cura e cosmologia",excluido_generico,,124,67,57,75,38,37,generico demais; usar so em coocorrencia com pajelanca
espírito,espírito;espirito,Português de uso geral,lexema comum genérico,"Ritual, cura e cosmologia",excluido_generico,,254,145,109,125,56,69,"termo religioso generico, sem especificidade amazonica"
ancestral,ancestral,Português de uso geral,lexema comum genérico,"Ritual, cura e cosmologia",excluido_generico,,72,28,44,64,25,39,"termo contemporaneo generico, muito usado em discursos identitarios"
sinhá,sinhá;sinha,Colonial/nordestino incorporado ao auto,lexema comum,Vocabulário do auto tradicional,excluido,,15,9,6,7,4,3,movido de ampliado para excluido: nao mede indigeneidade/regionalidade amazonica
sinhazinha,sinhazinha,Colonial/nordestino incorporado ao auto,item oficial do Festival (personagem do auto),Vocabulário do auto tradicional,excluido,,106,46,60,34,17,17,"movido de ampliado para excluido: ""Sinhazinha da Fazenda"" e item oficial estrutural do auto, mesma logica de marujada/toada"
marujada,marujada,Vocabulário institucional do Festival,item oficial/estrutural do festival,Vocabulário institucional do Festival,excluido,,231,230,1,142,141,1,item oficial/jargao do festival
batucada,batucada,Vocabulário institucional do Festival,item oficial/estrutural do festival,Vocabulário institucional do Festival,excluido,,211,3,208,138,2,136,item oficial/jargao do festival
arena,arena,Vocabulário institucional do Festival,item oficial/estrutural do festival,Vocabulário institucional do Festival,excluido,,202,127,75,148,89,59,
toada,toada,Vocabulário institucional do Festival,item oficial/estrutural do festival,Vocabulário institucional do Festival,excluido,,259,138,121,196,100,96,"marcador de genero, nao de regionalismo"
garrote,garrote,Colonial/nordestino incorporado ao auto,item oficial/estrutural do festival,Vocabulário do auto tradicional,excluido,,10,1,9,9,1,8,camada colonial-pastoril do auto
vaqueirada,vaqueirada,Colonial/nordestino incorporado ao auto,item oficial/estrutural do festival,Vocabulário do auto tradicional,excluido,,97,58,39,56,31,25,
arquibancada,arquibancada,Vocabulário institucional do Festival,item oficial/estrutural do festival,Vocabulário institucional do Festival,excluido,,111,62,49,74,41,33,
torcedor,torcedor,Vocabulário institucional do Festival,item oficial/estrutural do festival,Vocabulário institucional do Festival,excluido,,105,43,62,79,35,44,
bumbá,bumbá;bumba,Vocabulário institucional do Festival,item oficial/estrutural do festival,Vocabulário institucional do Festival,excluido,,741,483,258,314,178,136,marcador de genero
galera,galera,Vocabulário institucional do Festival,item oficial/estrutural do festival,Vocabulário institucional do Festival,excluido,,667,390,277,326,177,149,
amo,amo,Colonial/nordestino incorporado ao auto,item oficial/estrutural do festival,Vocabulário do auto tradicional,excluido,,146,61,85,99,42,57,personagem do auto - fazendeiro
fazenda,fazenda,Colonial/nordestino incorporado ao auto,item oficial/estrutural do festival,Vocabulário do auto tradicional,excluido,,91,51,40,56,32,24,
málúù dúdú,málúù;dúdú;málúù dúdú,Iorubá / matriz africana,expressão multipalavra / item de toada específica,Vocabulário identitário do Caprichoso / matriz afro-brasileira,afro_identitario_separado,,149,149,0,3,3,0,REMOVIDO do indice indigena/regional principal (v1 continha erro: nao e Tupi/Nheengatu). Concentrado em poucas toadas (refrao repetido) - ver freq documental muito menor que freq de token
