id,boi,toada,contexto,classificacao (preencher),comentario (opcional)
12,Caprichoso,A Festa do Boto,"assobio que vier / Vem de léguas, de rebojos abissais / Vem nos sonhos das caboclas dos beirais / Vem como pororoca, vem como cobra grande / Vem pra te encantar /  / No mergulho sombrio as águas revelam / Um mundo estranho / Iaras chamam por ti /  / Dançam desnudas",,
76,Caprichoso,Acalanta,"essas bandas vai te povoar / Sem sujar a terra, sem tisnar o ar / Festeira, que não desperdiça /  / Boca da noite, histórias da cobra-grande / Do botinho cuíra nas águas caladas / Pôr do Sol vai bisbilhotando / A cunhã distraída cantando / No banho-de-cuia, na ",,
46,Caprichoso,"Acalanta, Um Hino À Amazônia","dessas bandas a te povoar / Sem sujar a terra, sem tisnar o ar / (Festeira), que não desperdiça / Boca da noite, histórias da cobra-grande / pôr do Sol vai bisbilhotando / A cunhã distraída cantando / No banho de cuia, na beira do rio / De manhãzinha o Sol do",,
8,Caprichoso,Amantes Feiticeiras,"Espalhando a maldição / O grito ecoará, a morte surgirá! / A vingança que virá / Com o feitiço e a magia / Da bela rã e a deusa cobra / Revelando o segredo / Ao guerreiro Maricá / Com as flechas-serpentes / Envenenadas, apontar! / (Avançar! Atacar!) / Disparar! /  / Ma",,
34,Caprichoso,Amazônia de pé,"sta / Quem disse que o barco não ia passar / Na terra, na lama iria encalhar / E eu agora, isolado espantado sem acreditar /  / A cobra grande agoniza no Sol escaldante / E o curumim caminha há mais de uma hora em busca de água / A fumaça acinzenta o céu / E a ",,
9,Caprichoso,"Amazônia, Catedral Verde","is? / Teus sonhos de imortais /  / Amazônia, templários da Amazônia / O Curupira fugiu, Jurupari desistiu / Surucucú se escondeu, cobra grande / Cobra grande na enchente encolheu /  / Restou o nosso Caprichoso / A cor morena do caboclo / O cheiro incenso da cabocla",,
10,Caprichoso,"Amazônia, Catedral Verde","os de imortais /  / Amazônia, templários da Amazônia / O Curupira fugiu, Jurupari desistiu / Surucucú se escondeu, cobra grande / Cobra grande na enchente encolheu /  / Restou o nosso Caprichoso / A cor morena do caboclo / O cheiro incenso da cabocla / A partitura ",,
5,Caprichoso,Boitatá,"Um brilho no rio / Em noite escura / É fogo fátuo /  / Gênio protetor dos campos / E das águas / Cobra grande / Boiaçú / Boiúna, boiúna / Sucurijú / A fera que surge do nada /  / Corre no corpo o arrepio / O sangue nas veias fica frio / U",,
6,Caprichoso,Boitatá," / Singrando os rios /  / A dona da noite / A boca da noite / A dona da noite / Vai chegar /  / Boitatá, boitatá / Fogo no ar, fogo no ar / Cobra de fogo / Boiaçú / Boiúna flutua /  / Boitatá, boitatá / Fogo no ar, fogo no ar / Cobra de fogo / Boiaçú / Boiúna flutua",,
17,Caprichoso,Boiúna,"pós, a devorar / Emerge a anaconda boiaçu / A dama das águas /  / Boiuna! Emerge das águas / Boiuna! Ceifadora de almas / Anaconda, cobra grande, boiuna sucuriju",,
60,Caprichoso,Canto Caboclo,"z rouca da mata / Lagos e furos /  / Acordando a selva, seiva da vida / O teu pranto calado / Renasce um sonho de um amanhecer /  / A cobra prepara o bote no rastro da onça pintada / O canto dos pássaros anuncia a revoada / O remanso das águas / Traz fartura em pir",,
35,Caprichoso,Caprichoso: Um Canto Novo de Esperança,"rgem verde casa desnudada / Sua lenda, sua tribo, seu rito desapareceu / Sua história, sua Matria Brasílis desapareceu /  / E a cobra-grande já sumiu, não sei quem viu mapiguari / O homem branco explorou o índio valente, consumindo a sua fé / Até que chegou",,
66,Caprichoso,Cobra Grande (Caprichoso 2000),Do fundo do rio / O rebojo soturno / O mistério das águas / O frio que arrepia / É Cobra grande que bóia / Com encanto e magia /  / Do mistério da mata / O perfume que mata / Galhos se vergam / Os bichos se calam / A criat,,
67,Caprichoso,Cobra Grande (Caprichoso 2000),"uta inglória / O desalento ordenou / Da pajelança o veneno / Da boiúna, da flecha o destino / Seu desatino /  / A guerreira virá / Em cobra grande / Em cobra grande encantada / Desperta da toca molhada / E faz tremer o chão das ocaras / Surge dos igapós /  / Em cobra gra",,
36,Caprichoso,Dona da Noite,Tu não! Ousarás mexer no caroço proibido / Tu não! Não profanarás o mistério proibido /  / Cobra grande enigmática boiuna! / Cobra grande enigmática poranga! / Cobra grande enigmática boiuna! / Cobra grande enigmática pora,,
37,Caprichoso,Dona da Noite,Tu não! Ousarás mexer no caroço proibido / Tu não! Não profanarás o mistério proibido /  / Cobra grande enigmática boiuna! / Cobra grande enigmática poranga! / Cobra grande enigmática boiuna! / Cobra grande enigmática poranga! /  / (A fera que rasteja serpen,,
1,Caprichoso,Encandeia,"candelabro de devoração /  / A floresta silencia / A rainha se aproxima / Ela traz o temporal / Tempestade e ventania / Ventania /  / A cobra vai fazer / A terra tremer, o barranco cair / O povo correr de medo / (A cobra vai fazer) / A terra tremer, o barranco cair / O p",,
2,Caprichoso,Encandeia,"z o temporal / Tempestade e ventania / Ventania /  / A cobra vai fazer / A terra tremer, o barranco cair / O povo correr de medo / (A cobra vai fazer) / A terra tremer, o barranco cair / O povo correr de medo /  / (Encadeia) encandeia / (Encadeia) encandeia / Encadeia, e",,
15,Caprichoso,Encantaria Arapiuns,"-oh-oh) / (Oh-oh, oh-oh-oh, oh-oh, oh-oh-oh) /  / Vai nadando nas profundezas do rio / Na praia grande / Bicho do fundo do rio, é cobra grande / Que rasteja na correnteza, Parawara! / Caboclo engerado / Com gente em bicho encantado / Com arraias, botos e jacarés / ",,
47,Caprichoso,Eu Sou Marujada," Sacode o meu chão! / Poeira, levanta poeira do chão! /  / Eu sou a marujada / Furiosa e arretada / Quando a ilha balança / Não é a cobra grande, é a marujada /  / (Eu sou a marujada) / Furiosa e arretada / Quando a ilha balança / Não é a cobra grande, é a marujada /  / ",,
48,Caprichoso,Eu Sou Marujada,"a ilha balança / Não é a cobra grande, é a marujada /  / (Eu sou a marujada) / Furiosa e arretada / Quando a ilha balança / Não é a cobra grande, é a marujada /  / (Eu sou a marujada) / (Furiosa e arretada) / Quando a ilha balança / Não é a cobra grande, é a marujada",,
18,Caprichoso,Eu Sou a Lenda,"rta / Sussurra o caçador /  / Quem tu és? /  / Sou a noite, sou luar / No sombrio vou caminhar / Na tocaia a te esperar / Meus olhos de cobra a encandear / Sou a cor do lodo, limo, meus passos te hipnotizam / Teu castigo, meu aviso, / Sou a selva a lhe apavorar /  / Todo",,
71,Caprichoso,Eu sou a marujada,"o, sacode o meu chão / Poeira, levanta poeira do chão /  / Eu sou a marujada / Furiosa e arretada / Quando a ilha balança / Não é a cobra-grande, é a marujada /  / Eu sou a marujada / Furiosa e arretada / Quando a ilha balança / Não é a cobra-grande, é a marujada /  / (E",,
72,Caprichoso,Eu sou a marujada,"o a ilha balança / Não é a cobra-grande, é a marujada /  / Eu sou a marujada / Furiosa e arretada / Quando a ilha balança / Não é a cobra-grande, é a marujada /  / (Eu sou a marujada) / (Furiosa e arretada) / Quando a ilha balança / Não é a cobra-grande, é a marujada",,
13,Caprichoso,Lendária Boitatá,"ntar / Medo e caos vão apavorar / Meu fogo te consumirá /  / (Ignívoma!) /  / Incendeia aldeias / É fogo, é chama / Clareia a escuridão / Cobra Grande vagueia / É fogo, luz, labareda / Como assombração /  / Lendária incendiária (Boitatá) / Lendária incendiária (Boitatá) / É ",,
19,Caprichoso,Morceganjo,"montanha / Na profundeza das cavernas / Onde a noite adormece os seres / Criaturas visajentas com asas / E dentes com língua de cobra / Vêm aterrorizar /  / Avante , guerreira maraguá ! / Avante , guerreira maraguá ! / Se prepare para a guerra ! atacar ! /  / Despert",,
61,Caprichoso,Norte das Canoas,orte das canoas / Boia o peixe-boi nas águas do rio / Bicho folharal cochila na mata / Vai o curupira amarra o caçador (com a cobra) / Teu rios aos teus pés celebram-te / Resplandece o som do meu tambor / Da marujada /  / Minha lua é de pano / Minha ilha flutua / C,,
50,Caprichoso,O Contador de Histórias," / (Ê o, ê o, ê a) / Curupira roubou meu tabaco e cachaça / (Ê o, ê o, ê a) / Vi Tapiraiauara, de longe, mas vi / (Ê o, ê o, ê a) / Cobra Grande, um galope é neguinho do campo grande / Foi por ali /  / (ê, ê, ê, ê, ô) / Eu sou um contador de histórias / (ê, ê, ê, ê, ",,
51,Caprichoso,Olhos de Fogo, os guerreiros / Na aldeia a fogueira / Para a fera enfrentar /  / E as flechas vão cortando o ar / (Flechas vão cortando o ar) / É cobra grande a avançar! / (Cobra grande avançar) / Os índios gritam de pavor / Fogo no ar /  / E as flechas vão cortando o ar / (Flechas ,,
52,Caprichoso,Olhos de Fogo,a fogueira / Para a fera enfrentar /  / E as flechas vão cortando o ar / (Flechas vão cortando o ar) / É cobra grande a avançar! / (Cobra grande avançar) / Os índios gritam de pavor / Fogo no ar /  / E as flechas vão cortando o ar / (Flechas vão cortando o ar) / É cobr,,
62,Caprichoso,"Paitunaré, o Cavaleiro das Águas",ocla em tua boca o fogo vai beijar /  / Nas festas de interior / Nas festas de santo louvor / Nas lendas de um trovador / O homem-cobra encantou /  / Nas festas de interior / Nas festas de santo louvor / Nas lendas de um trovador / O homem-cobra encantou / O homem-co,,
63,Caprichoso,"Paitunaré, o Cavaleiro das Águas","um trovador / O homem-cobra encantou /  / Nas festas de interior / Nas festas de santo louvor / Nas lendas de um trovador / O homem-cobra encantou / O homem-cobra que amou /  / Ao redor desses vales, planícies e serras / Cavalheiro, ele vem / Ao redor desses vales, p",,
33,Caprichoso,Poranduba," mocambo, terreiro e quintal /  / Bicho Folharal eu vi / Anhangá, Matinta, Curupira / Aqui tem encanto da Yara Mãe D’água / Boto, Cobra Grande, gente que vira bicho / Tradição festejada de geração em geração /  / Quem contou, quem contou foi Griot / Quem contou f",,
11,Caprichoso,Profética,"Em seu zen / De braços abertos, dança gavião / De folhas e palhas nas costas / Subindo nas árvores, camaleão / Em sete peles de cobra / Se contorce na água e no chão / É o pajé no terreiro a dançar / É o xamã na arena a dançar / Imitando as feras da mata / Ao beb",,
16,Caprichoso,Rainha Das Rainhas,"o dançar / Iebá, Iemanjá / Ginga, dança no terreiro vem ao som do tamurá / Baila com as ciganas / Navega com as dessanas / Boto e cobra grande /  / Rainha das lendas (Brena Dianná) / Realeza morena /  / Traz a mistura, a crença, o amor / Traz o costume, o jeito, a co",,
20,Caprichoso,Rebojo,"rei / Por ti enfrento o que vier / Porque eu te amo, meu boi! /  / (Olha o rebojo!) / (É o Caprichoso) / (1, 2, 3, vai!) /  / Vem feito cobra-grande / Iluminando a noite / Como o brilho do alvorecer / Vem no remanso da marujada, vem / No toque da caixinha / No surdo, na ",,
43,Caprichoso,Ritual Urotopiag Maraguá,"Maraguanáwas do Rio Guarinamã / Clãs da onça, do gavião, do poraquê / Da vespa, da cobra e do boto / É chegada a hora da consagração /  / Angawaçus se revelam na fumaça do tawary / Confinados no encontro em Maraguapa",,
44,Caprichoso,Ritualística Apurinã,"Espíritos Flechadores brotam da terra e da água / E a cobra do rastro de fogo devora a floresta sagrada /  / Toda tribo se transforma em tótens de pedra / No transe de Awire, Pajé vai b",,
59,Caprichoso,Romaria a São Pedro,"es, romeiros, ribeirinhos / Se reúnem em oração / Vem guiar o meu santo entre estrelas / E clareia a escuridão / E me livrar da cobra sorrateira / Que me espreita no clarão /  / Caprichoso, ilumina a floresta / Parintins está em festa / De azul a conclamar / Todos,",,
45,Caprichoso,Senhor Das Águas," caminho praiões / Fico me perguntando / Cadê aquele tanto de água? /  / Chapéu de palha protege do Sol escaldante / Sei onde tem cobra grande / Converso com boto e Yara, mãe d’água /  / No mês de junho amarro a minha canoa / E do lado minha cabocla, vestidos de ",,
21,Caprichoso,Serpente Dinahí,"de anunciação (Manaó) / O segredo Aruwak a gigantesca fera emerge / Fúria e assombração /  / A guerreira Kirimbaua / Encantada em cobra-grande / Cobra-grande, cobra-grande / A guerreira Kirimbaua / Encantada em cobra-grande / Cobra-grande, cobra-grande / Serpente D",,
22,Caprichoso,Serpente Dinahí," (Manaó) / O segredo Aruwak a gigantesca fera emerge / Fúria e assombração /  / A guerreira Kirimbaua / Encantada em cobra-grande / Cobra-grande, cobra-grande / A guerreira Kirimbaua / Encantada em cobra-grande / Cobra-grande, cobra-grande / Serpente Dinahí /  / Kauna,",,
40,Caprichoso,Serpentárias,"isados do temível destino / Rastejam de encontro, bívoras quimeras / Lide, duelo, combate das feras /  / Devora,  devora, homem-cobra honorato a devora / Devora, devora, homem-cobra honorato a devora / Devora, devora, homem-cobra honorato a devora / Devora, d",,
41,Caprichoso,Serpentárias,", bívoras quimeras / Lide, duelo, combate das feras /  / Devora,  devora, homem-cobra honorato a devora / Devora, devora, homem-cobra honorato a devora / Devora, devora, homem-cobra honorato a devora / Devora, devora, se liberta do encanto e vagueia /  / Serpen",,
74,Caprichoso,Tesouros da Cabanagem,"eciso procurar sozinho / E não falar a ninguém / Do contrário / A morte espreita te encontrará /  / Cordões de ouro são filhos de cobras / Diamantes são escorpiões / Pratarias, centopeias / Maldito serás / Sem um vintém! /  / Teu é o tesouro, só tu acharás / Sozinho na ",,
0,Caprichoso,Tocaia,"ea do mato rasteiro, fechado ou alagado / São fantasmas, vultos, almas / Pintados pra guerra com dentes de fera / Os olhos de cobra na mata /  / Rastejam como jacarés enlamaçados no corpo / Barro, terra, lodo / Impactantes, fulminantes, saltadores no bote / Onç",,
14,Caprichoso,Utopia Cabocla,"ardião da Amazônia, é conhecer / A alma do rio e o clamor da floresta / É ouvir a voz dos ventos / E saber dos encantamentos /  / Cobra Grande, Curupira, Matintaperêra / Yara mãe d'água e Tapiraiauara / Azul é nossa cor / E o nosso amor é o Caprichoso / Viver é m",,
75,Caprichoso,Vaqueiro da Várzea,"a cortar canarana na força do braço / Na corrente escura são muitos os perigos / Jacaré, sucuri e o monstro das águas / Peixe-cobra, pirarucu-boia, pirarucurana /  / Êêêêê, êêêêê, êêêêê, êêêêê / Ê boi! /  / Pra viver nas águas / O cavalo e a canoa / E com a chuva v",,
65,Caprichoso,Viagem Xamânica," dos Andes / Voa, voa / Apu Inti vem luminar / Mama Quilla vem te beijar / Xamã, xamã / Vem em goteiras descer cordilheiras /  / Como cobra-grande que rasteja e corta a mata / Quimérico ou místico xamã / Enviado em fogo, abençoado por Tupã / No paricá no infinito a",,
86,Garantido,A Fera Das Águas," dos tambores / Convocam o grande Xamã / Poderes, magias, inflige pavores / Elevam suas preces a Tupã /  / E os bravos derrotam a cobra do mal / E a paz na aldeia começa a reinar / E todos os guerreiros na ocara se põem a dançar",,
103,Garantido,Chegada do Boi Garantido,"Hoje a cidade vai parar / A cobra grande vai mexer / A ponte balançar, o barranco descer / O povo vai mandar a Ilha tremer (no tambor) /  / E quando meu Boi Gara",,
82,Garantido,Curupira,"lusionista / Sou curumim gerado em bicho /  / Sou a entidade protetora da floresta / Sou a metamorfose de lendas e quimeras / Sou cobra grande, Anhangá / Sou boto e mapinguari / Macunaíma, Poronominaré / Juma e Jurupari / Sou Curupira /  / Quando os bichos procriam / Q",,
83,Garantido,Curupira,"ira, hah / Curupira, ah / Guardião da vida /  / Sou a entidade protetora da floresta / Sou a metamorfose de lendas e quimeras / Sou cobra grande, Anhangá / Sou boto e mapinguari / Macunaíma, Poronominaré / Juma e Jurupari / Sou Curupira /  / Quando os bichos procriam / Q",,
108,Garantido,Filhos das Águas,"a seca, pegar tamuatá / Na fartura da piracema pesca Jaraqui / Não usar o arrastão para não destruir /  / Respeite a mãe do rio / Cobra Grande, Boto Malino / Pescador de verdade / Não temer seu destino /  / Nas veias do igapó / O espinhel é armado / Navega nós mistér",,
109,Garantido,Filhos das Águas,"os é lendas / O arreio benzido carrega a sua esperança / Preservando para não faltar / O peixe na mesa /  / Respeite a mãe do rio / Cobra Grande, Boto Malino / Pescador de verdade / Não temer seu destino",,
94,Garantido,Flechas Serpentes,lareira / Para raptarem as mulheres da aldeia / Eis que surge maricá pra lutar /  / O guerreiro ferido é curado / Pela pintura da cobra-cunhã / E a Mãe-Rã revela ao arqueiro / O segredo das flechas serpentes /  / Dispara Maricá as flechas no ar / Para combater os m,,
79,Garantido,Geração Garantido," horizonte / O verde que desbota na distância que / Existe entre a mata e o homem / Tupã, Mapinguari, Yara, Iracema, Pirarara / Cobra Grande e Boto Tucuxi / Não vejo mais em meu jardim /  / Quando um clamor na mata se ouvir / E as histórias se perderem na evolu",,
110,Garantido,"Karajá, O Povo das Águas","nta os seres tribais /  / Mas escondia a certeza da morte / O funesto fatal / E na volta ao fundo do rio / Impedidos por Koboí, a cobra animal / A rainha do povo das águas /  / E viverão nas margens do Araguaia / Na floresta, caçando animais / No rio a fartura de p",,
99,Garantido,Lendárias Amazonas,"a guerra, queridas no amor / Guardiãs dos segredos dos muiraquitãs (descubra o mito dos muiraquitãs) / Petrificados em rãs (cobras, peixes) / Amuletos de proteção (ofertados) / Aos parceiros no amor (seduzidos) / No rito da reprodução /  / Dançam, cantam, cele",,
104,Garantido,Madjú-ã,No rebojo do rio  / Espumava a fúria de Madjú-ã / Cobra do mal que rondava o perau / Dizimando as vidas do clã /  / Almas indefesas eram sepultadas / No ventre da grande serpente / Mas ,,
85,Garantido,Mãe da Mata,"ho agonizar  / Mãe da mata surgirá /  / Grinalda de ninhos, seios desnudos,  / Adornada em orquídeas e samambaias  / Olhos de uma cobra-grande,  / Pés de curupira errante  / Montada no porco-queixada  / Surge a deusa encantada  /  / Vim punir a ganância e a cobiça ",,
111,Garantido,O Dom de Um Sacaca," botos regida nas águas / Numa sinfonia sobrenatural /  / Bichos-do-fundo, bichos-do-fundo / Me guiam ao mundo das encantarias /  / Cobra Grande Caninana quando boia / Entra em minh'alma / E me torna um pajé / Folhas, ervas, sumos e raízes / Pra feitiçaria e roubo ",,
100,Garantido,Ofaiés,"floresta / Descendo a copa dos cedros e samaumeiras / Como folhas caídas / Do êxtase, do transe despertaram /  / Transformados em cobras, lagartos / E gatos selvagens, feras que vagam na noite / Borboletas povoaram o céu / E os pássaros de todas as espécies / Repo",,
101,Garantido,Ofaiés,"floresta / Descendo a copa dos cedros e samaumeiras / Como folhas caídas / Do êxtase, do transe despertaram /  / Transformados em cobras, lagartos / E gatos selvagens, feras que vagam na noite / Borboletas povoaram o céu / E os pássaros de todas as espécies / Repo",,
87,Garantido,Origem Yãkwa,ímbolos da vida / A grande Fera libertou / A viagem ainda não acabou / Emergem serpentes aquática / Cipó sucuri jibóia corais / A cobra rainha despertou / A Lua mergulha e os ventos e chocam / No mundo subterrâneo e fascinante ela vira / Rio Aripuanã em deusa í,,
77,Garantido,Parintins: Portal do Encantamento,"quilombo / De Parintins, do Boi Garantido /  / Batucada acordando memórias (hey, hey) / O povo dançando entre mundos (hey, hey) / Cobra-grande ensinando sacacas / Mistério de bichos do fundo / Encantados, Karuanas / Entidades, orixás / Mitos, ritos, sabores, sabe",,
78,Garantido,Parintins: Portal do Encantamento,"quilombo / De Parintins, do Boi Garantido /  / Batucada acordando memórias (hey, hey) / O povo dançando entre mundos (hey, hey) / Cobra-grande ensinando sacacas / Mistério de bichos do fundo / Encantados, Karuanas / Entidades, orixás / Mitos, ritos, sabores, sabe",,
88,Garantido,Quando Honorato Lutou Com Caninana,Vem rasgando a escuridão / Deixando escamas no chão / Gigantesca assombração / Cobra Norato! /  / Vem abrindo mil clareiras / A boiuna serpenteia / Espalha o medo na ribeira / É Caninana! /  / Pelas correntezas do rio / ,,
89,Garantido,Quando Honorato Lutou Com Caninana,"estade, a poderosa! / E contra ti eu vou lutar! /  / Vem rasgando a escuridão / Deixando escamas no chão / Gigantesca assombração / Cobra Norato! /  / Vem abrindo mil clareiras / A boiuna serpenteia / Espalha o medo na ribeira / É Caninana! /  / Pelas correntezas do rio / ",,
84,Garantido,Quimera Cabocla," de cara com o curupira / Eu rodei e rodei, o caipora vivia zombando de mim / Lá no igapó eu vi emergir o tapiraiauara / Vi a cobra-grande com olhos de fogo olhando pra mim / Eu te juro que vi /  / Na comunidade, na festa o boto conquistador / O namorador se ",,
95,Garantido,Ritual Huni Kuin,"a /  / Rastejam como caranguejeira / Cobertos com palha de jarina / Pintados de urucum / Com olhos de corêtu /  / Mukaya se ingera em cobra / A cobra se transforma em onça / Devorando os monstruosos uorokêma / Dança xamã, gira xamã /  / Mukaya se ingera em cobra / A cobr",,
96,Garantido,Ritual Huni Kuin,"jam como caranguejeira / Cobertos com palha de jarina / Pintados de urucum / Com olhos de corêtu /  / Mukaya se ingera em cobra / A cobra se transforma em onça / Devorando os monstruosos uorokêma / Dança xamã, gira xamã /  / Mukaya se ingera em cobra / A cobra se tra",,
106,Garantido,Ritual Kawahiva, do Deus ancestral /  / Preparem os caçadores para o ritual / As varas de embira vão te ferroar / Lave seus olhos com veneno de cobra / Eerga o totem do animal sagrado Acanguçu /  / Pajé dança e canta na tucaia assombrada / A metamorfose do serpentum encantado ,,
93,Garantido,Ritual Yaminawá,"jaguar (Ynawá) / É na luta é abatido pela aberração /  / Pajé enfraquecido, ferido / Mergulha nas águas do rio Juruá / Montado na cobra / Ronoá injeta o veneno da transmutação / Os índios sofrem mutações / É reiniciam a batalha / Enfrentando o temido Niumuã /  / Home",,
105,Garantido,Ritual da Escarificação,"o mundo sombrio de seres fantásticos / Lagarto de sete cabeças, onça com olhos de fogo / Gaviões vorazes sedentos de sangue / Cobras aladas / No rito de incorporação / Índios dominam o iniciado / Dente de piranha, ossos afiados / Com jenipapo seu corpo tatuado",,
107,Garantido,Senhor da maromba,", caboclo do Amazonas / O senhor da maromba / Está em extinção, está em extinção / Mosquito carapanã, persegue até de manhã / A cobra, o gavião, a lhe apurrinhar / Levanta de madrugada, olha o espinhel não tem nada / Mas não esquenta é assim / Desde curumim, ",,
80,Garantido,Treme Terra,"r / Transbordar o amor / Agora ninguém me segura / E hoje eu vou fazer loucura /  / Hoje o barranco vai descer / E a terra, abrir / A cobra grande vai mexer / E o céu, cair / Quando a galera e a batucada / Na Cidade Garantido / Se encontrar pra balançar / (Vai pra cima",,
81,Garantido,Treme Terra,"tambor / Transbordar o amor / Agora ninguém me segura / Hoje vou fazer loucura /  / Hoje o barranco vai descer / E a terra, abrir / A cobra grande vai mexer / E o céu, cair / Quando a galera e a batucada / Na Cidade Garantido / Se encontrar pra balançar / (Vai pra cima",,
102,Garantido,Tributo a Nação," / Ao ver os rastros do que foi seu lar! /  / Sua virgem, santa mata / Deflorada, sua lenda, sua tribo, seu rito desapareceu! / A cobra grande, já não é tão grande por aqui! / O nosso espanto hoje é: Com o tamanho do navio! / Até o rouxinol se foi! Deixou o c",,
112,Garantido,"Xawára, O Monstro Devorador","ataque / De zarabatanas dos në waripë / E o monstro devorador, Xawára /  / Omana derrama suas lágrimas em chamas / O pajé dispara cobras aladas / Que levam Xawára pro fundo das águas /  / Xawára desapareceu, Xawára desapareceu /  / E o grande pajé Yanomami venceu /  / X",,
113,Garantido,"Ye Pá, A Deusa Da Criação",s sagradas miriã / Os filhos da criação / Louvaram a deusa Tukano Yê Pá / E o pajé a invocar o deus ëmëkho-ñikhë / Que enviou a cobra grande cë pirõ / Para inundar a floresta dizimando o mal,,
